Record,Field,Value,idx,Ligand1,Ligand2,Group_L1,Group_L2,L1L2
50_67,Ag,27.3527129627764,2922,50,67,Py,Other,Py-Other
50_68,Ag,30.7,2923,50,68,Py,Other,Py-Other
50_69,Ag,24.2658640742302,2924,50,69,Py,Other,Py-Other
50_70,Ag,25.1874958500266,2925,50,70,Py,Other,Py-Other
50_71,Ag,35.46,2926,50,71,Py,Other,Py-Other
50_79,Ag,29.9298973269761,2934,50,79,Py,Other,Py-Other
50_80,Ag,27.6358048096299,2935,50,80,Py,Other,Py-Other
50_85,Ag,17.7455596402287,2940,50,85,Py,Other,Py-Other
50_86,Ag,10.8977385908365,2941,50,86,Py,Other,Py-Other
50_87,Ag,19.7715150080621,2942,50,87,Py,Other,Py-Other
50_88,Ag,23.4159723222256,2943,50,88,Py,Other,Py-Other
50_89,Ag,23.701931938529,2944,50,89,Py,Other,Py-Other
50_90,Ag,30.281848821789,2945,50,90,Py,Other,Py-Other
51_67,Ag,32.0252094529569,2962,51,67,Py,Other,Py-Other
51_68,Ag,25.9048713073134,2963,51,68,Py,Other,Py-Other
51_69,Ag,20.7834998145699,2964,51,69,Py,Other,Py-Other
51_70,Ag,21.1422735266387,2965,51,70,Py,Other,Py-Other
51_71,Ag,45.4710173234344,2966,51,71,Py,Other,Py-Other
51_79,Ag,25.3488501943648,2974,51,79,Py,Other,Py-Other
51_80,Ag,25.6866040676832,2975,51,80,Py,Other,Py-Other
51_85,Ag,15.1698848679662,2980,51,85,Py,Other,Py-Other
51_86,Ag,13.4118431173265,2981,51,86,Py,Other,Py-Other
51_87,Ag,17.3364940397441,2982,51,87,Py,Other,Py-Other
51_88,Ag,19.0577186271548,2983,51,88,Py,Other,Py-Other
51_89,Ag,20.2055109106004,2984,51,89,Py,Other,Py-Other
51_90,Ag,26.8301981389523,2985,51,90,Py,Other,Py-Other
52_67,Ag,28.7773581631482,3001,52,67,Py,Other,Py-Other
52_68,Ag,28.6911770440638,3002,52,68,Py,Other,Py-Other
52_69,Ag,24.7981444299221,3003,52,69,Py,Other,Py-Other
52_70,Ag,24.5397088564932,3004,52,70,Py,Other,Py-Other
52_71,Ag,34.16893273592,3005,52,71,Py,Other,Py-Other
52_79,Ag,27.3040483593941,3013,52,79,Py,Other,Py-Other
52_80,Ag,25.2934030778706,3014,52,80,Py,Other,Py-Other
52_85,Ag,18.5619858466089,3019,52,85,Py,Other,Py-Other
52_86,Ag,15.0023376345634,3020,52,86,Py,Other,Py-Other
52_87,Ag,24.0876502469182,3021,52,87,Py,Other,Py-Other
52_88,Ag,20.7076649814844,3022,52,88,Py,Other,Py-Other
52_89,Ag,24.606550630182,3023,52,89,Py,Other,Py-Other
52_90,Ag,29.2901051342487,3024,52,90,Py,Other,Py-Other
53_67,Ag,27.9692433550954,3039,53,67,Py,Other,Py-Other
53_68,Ag,29.4422839358449,3040,53,68,Py,Other,Py-Other
53_69,Ag,22.5867034941912,3041,53,69,Py,Other,Py-Other
53_70,Ag,26.8305,3042,53,70,Py,Other,Py-Other
53_71,Ag,34.5881429165602,3043,53,71,Py,Other,Py-Other
53_79,Ag,25.97006168589,3051,53,79,Py,Other,Py-Other
53_80,Ag,24.38284689188,3052,53,80,Py,Other,Py-Other
53_85,Ag,18.3433251194656,3057,53,85,Py,Other,Py-Other
53_86,Ag,13.5261015817523,3058,53,86,Py,Other,Py-Other
53_87,Ag,18.9804852828383,3059,53,87,Py,Other,Py-Other
53_88,Ag,19.8290741667151,3060,53,88,Py,Other,Py-Other
53_89,Ag,22.0106132850051,3061,53,89,Py,Other,Py-Other
53_90,Ag,23.8549451865256,3062,53,90,Py,Other,Py-Other
54_67,Ag,37.1010075956583,3076,54,67,Py,Other,Py-Other
54_68,Ag,29.2655933275819,3077,54,68,Py,Other,Py-Other
54_69,Ag,23.5723750665784,3078,54,69,Py,Other,Py-Other
54_70,Ag,25.1453,3079,54,70,Py,Other,Py-Other
54_71,Ag,38.9731883369386,3080,54,71,Py,Other,Py-Other
54_79,Ag,27.9785757288337,3088,54,79,Py,Other,Py-Other
54_80,Ag,31.9021993465722,3089,54,80,Py,Other,Py-Other
54_85,Ag,16.8725838176906,3094,54,85,Py,Other,Py-Other
54_86,Ag,15.5638986974955,3095,54,86,Py,Other,Py-Other
54_87,Ag,18.9395427107811,3096,54,87,Py,Other,Py-Other
54_88,Ag,18.9458818100393,3097,54,88,Py,Other,Py-Other
54_89,Ag,19.2877013161778,3098,54,89,Py,Other,Py-Other
54_90,Ag,31.3372916206717,3099,54,90,Py,Other,Py-Other
55_67,Ag,29.6944645568728,3112,55,67,Py,Other,Py-Other
55_68,Ag,29.7424751296639,3113,55,68,Py,Other,Py-Other
55_69,Ag,26.8041623458266,3114,55,69,Py,Other,Py-Other
55_70,Ag,27.0661,3115,55,70,Py,Other,Py-Other
55_71,Ag,35.0417027249932,3116,55,71,Py,Other,Py-Other
55_79,Ag,26.4557157978415,3124,55,79,Py,Other,Py-Other
55_80,Ag,27.0003924593329,3125,55,80,Py,Other,Py-Other
55_85,Ag,17.5755538195372,3130,55,85,Py,Other,Py-Other
55_86,Ag,13.1858979687095,3131,55,86,Py,Other,Py-Other
55_87,Ag,25.9834538735449,3132,55,87,Py,Other,Py-Other
55_88,Ag,22.0684074088931,3133,55,88,Py,Other,Py-Other
55_89,Ag,23.2619283236563,3134,55,89,Py,Other,Py-Other
55_90,Ag,25.9414022490382,3135,55,90,Py,Other,Py-Other
56_67,Ag,28.5986002907157,3147,56,67,Py,Other,Py-Other
56_68,Ag,29.8005311340094,3148,56,68,Py,Other,Py-Other
56_69,Ag,22.957426302135,3149,56,69,Py,Other,Py-Other
56_70,Ag,26.8611141219735,3150,56,70,Py,Other,Py-Other
56_71,Ag,35.5952210240066,3151,56,71,Py,Other,Py-Other
56_79,Ag,24.326867248863,3159,56,79,Py,Other,Py-Other
56_80,Ag,25.6792192682624,3160,56,80,Py,Other,Py-Other
56_85,Ag,16.1393087245524,3165,56,85,Py,Other,Py-Other
56_86,Ag,16.3317262120545,3166,56,86,Py,Other,Py-Other
56_87,Ag,22.4503885507584,3167,56,87,Py,Other,Py-Other
56_88,Ag,22.1850827410817,3168,56,88,Py,Other,Py-Other
56_89,Ag,23.6946765184402,3169,56,89,Py,Other,Py-Other
56_90,Ag,27.5950525738299,3170,56,90,Py,Other,Py-Other
57_67,Ag,25.341396253556,3181,57,67,Py,Other,Py-Other
57_68,Ag,25.391686335206,3182,57,68,Py,Other,Py-Other
57_69,Ag,21.8385660424829,3183,57,69,Py,Other,Py-Other
57_70,Ag,21.754417873919,3184,57,70,Py,Other,Py-Other
57_71,Ag,36.5088362470269,3185,57,71,Py,Other,Py-Other
57_79,Ag,23.7582174539566,3193,57,79,Py,Other,Py-Other
57_80,Ag,23.8470260724425,3194,57,80,Py,Other,Py-Other
57_85,Ag,17.1634906195104,3199,57,85,Py,Other,Py-Other
57_86,Ag,10.6174345128238,3200,57,86,Py,Other,Py-Other
57_87,Ag,16.0586932227016,3201,57,87,Py,Other,Py-Other
57_88,Ag,14.562036126852,3202,57,88,Py,Other,Py-Other
57_89,Ag,21.6422308124602,3203,57,89,Py,Other,Py-Other
57_90,Ag,32.3827740848064,3204,57,90,Py,Other,Py-Other
58_67,Ag,25.0336134135723,3214,58,67,Py,Other,Py-Other
58_68,Ag,29.99,3215,58,68,Py,Other,Py-Other
58_69,Ag,21.8455173298716,3216,58,69,Py,Other,Py-Other
58_70,Ag,25.6173,3217,58,70,Py,Other,Py-Other
58_71,Ag,35.38,3218,58,71,Py,Other,Py-Other
58_79,Ag,21.449151225388,3226,58,79,Py,Other,Py-Other
58_80,Ag,23.2943509109318,3227,58,80,Py,Other,Py-Other
58_85,Ag,14.8463011682034,3232,58,85,Py,Other,Py-Other
58_86,Ag,13.8095978610218,3233,58,86,Py,Other,Py-Other
58_87,Ag,23.3884918652475,3234,58,87,Py,Other,Py-Other
58_88,Ag,17.9973398707807,3235,58,88,Py,Other,Py-Other
58_89,Ag,23.4913876652718,3236,58,89,Py,Other,Py-Other
58_90,Ag,26.3269502669573,3237,58,90,Py,Other,Py-Other
59_67,Ag,23.8352836146951,3246,59,67,Py,Other,Py-Other
59_68,Ag,27.949680339545,3247,59,68,Py,Other,Py-Other
59_69,Ag,21.8630405217409,3248,59,69,Py,Other,Py-Other
59_70,Ag,25.802613619715,3249,59,70,Py,Other,Py-Other
59_71,Ag,34.2802087627351,3250,59,71,Py,Other,Py-Other
59_79,Ag,22.0640983507037,3258,59,79,Py,Other,Py-Other
59_80,Ag,23.7957615815103,3259,59,80,Py,Other,Py-Other
59_85,Ag,20.5233225785196,3264,59,85,Py,Other,Py-Other
59_86,Ag,9.69570619612932,3265,59,86,Py,Other,Py-Other
59_87,Ag,21.3032541424036,3266,59,87,Py,Other,Py-Other
59_88,Ag,16.832512922585,3267,59,88,Py,Other,Py-Other
59_89,Ag,21.8052200600505,3268,59,89,Py,Other,Py-Other
59_90,Ag,26.0609301291406,3269,59,90,Py,Other,Py-Other
60_67,Ag,27.8353120721877,3363,60,67,Py,Other,Py-Other
60_68,Ag,29.5183318145573,3364,60,68,Py,Other,Py-Other
60_69,Ag,24.19114061445,3365,60,69,Py,Other,Py-Other
60_70,Ag,25.3264,3366,60,70,Py,Other,Py-Other
60_71,Ag,43.2792293578386,3367,60,71,Py,Other,Py-Other
60_79,Ag,25.8793268278241,3375,60,79,Py,Other,Py-Other
60_80,Ag,28.8009989894927,3376,60,80,Py,Other,Py-Other
60_85,Ag,17.4142091460526,3381,60,85,Py,Other,Py-Other
60_86,Ag,14.0767295248806,3382,60,86,Py,Other,Py-Other
60_87,Ag,20.7661517746746,3383,60,87,Py,Other,Py-Other
60_88,Ag,19.8486434184015,3384,60,88,Py,Other,Py-Other
60_89,Ag,17.7476543076336,3385,60,89,Py,Other,Py-Other
60_90,Ag,29.9859135374427,3386,60,90,Py,Other,Py-Other
61_67,Ag,25.7026261873543,3393,61,67,Py,Other,Py-Other
61_68,Ag,29.6,3394,61,68,Py,Other,Py-Other
61_69,Ag,23.3400360122323,3395,61,69,Py,Other,Py-Other
61_70,Ag,23.9733885377645,3396,61,70,Py,Other,Py-Other
61_71,Ag,34.38,3397,61,71,Py,Other,Py-Other
61_79,Ag,27.1798564605415,3405,61,79,Py,Other,Py-Other
61_80,Ag,23.6960770152509,3406,61,80,Py,Other,Py-Other
61_85,Ag,17.771002613008,3411,61,85,Py,Other,Py-Other
61_86,Ag,10.2270810082555,3412,61,86,Py,Other,Py-Other
61_87,Ag,19.9798012003303,3413,61,87,Py,Other,Py-Other
61_88,Ag,21.0848666913807,3414,61,88,Py,Other,Py-Other
61_89,Ag,18.2254604771733,3415,61,89,Py,Other,Py-Other
61_90,Ag,21.5337455756962,3416,61,90,Py,Other,Py-Other
62_67,Ag,25.373234976083,3422,62,67,Py,Other,Py-Other
62_68,Ag,27.7301089316606,3423,62,68,Py,Other,Py-Other
62_69,Ag,19.6078584566712,3424,62,69,Py,Other,Py-Other
62_70,Ag,27.354610979557,3425,62,70,Py,Other,Py-Other
62_71,Ag,32.9009678736329,3426,62,71,Py,Other,Py-Other
62_79,Ag,25.4165283478796,3434,62,79,Py,Other,Py-Other
62_80,Ag,22.379155702889,3435,62,80,Py,Other,Py-Other
62_85,Ag,17.3013726659119,3440,62,85,Py,Other,Py-Other
62_86,Ag,11.1001621820033,3441,62,86,Py,Other,Py-Other
62_87,Ag,21.3541201502085,3442,62,87,Py,Other,Py-Other
62_88,Ag,18.8103281892836,3443,62,88,Py,Other,Py-Other
62_89,Ag,23.952320754528,3444,62,89,Py,Other,Py-Other
62_90,Ag,25.6107761487365,3445,62,90,Py,Other,Py-Other
63_67,Ag,21.8594108074903,3450,63,67,Py,Other,Py-Other
63_68,Ag,26.21741078794,3451,63,68,Py,Other,Py-Other
63_69,Ag,18.383207924664,3452,63,69,Py,Other,Py-Other
63_70,Ag,24.519,3453,63,70,Py,Other,Py-Other
63_71,Ag,33.4681186489761,3454,63,71,Py,Other,Py-Other
63_79,Ag,21.4739777743816,3462,63,79,Py,Other,Py-Other
63_80,Ag,19.6567484103143,3463,63,80,Py,Other,Py-Other
63_85,Ag,14.9031478725374,3468,63,85,Py,Other,Py-Other
63_86,Ag,7.58501908183098,3469,63,86,Py,Other,Py-Other
63_87,Ag,18.0757381692529,3470,63,87,Py,Other,Py-Other
63_88,Ag,15.4041628837585,3471,63,88,Py,Other,Py-Other
63_89,Ag,13.5386225357652,3472,63,89,Py,Other,Py-Other
63_90,Ag,21.035741019994,3473,63,90,Py,Other,Py-Other
64_67,Ag,23.6996871680021,3477,64,67,Py,Other,Py-Other
64_68,Ag,24.0336346253753,3478,64,68,Py,Other,Py-Other
64_69,Ag,21.878281570971,3479,64,69,Py,Other,Py-Other
64_70,Ag,22.2636361643672,3480,64,70,Py,Other,Py-Other
64_71,Ag,40.7846997156739,3481,64,71,Py,Other,Py-Other
64_79,Ag,24.8929665647447,3489,64,79,Py,Other,Py-Other
64_80,Ag,25.0107056051493,3490,64,80,Py,Other,Py-Other
64_85,Ag,15.6765474639833,3495,64,85,Py,Other,Py-Other
64_86,Ag,12.4935651794076,3496,64,86,Py,Other,Py-Other
64_87,Ag,16.0673240199685,3497,64,87,Py,Other,Py-Other
64_88,Ag,16.2106747552753,3498,64,88,Py,Other,Py-Other
64_89,Ag,22.1192847304046,3499,64,89,Py,Other,Py-Other
64_90,Ag,28.7067512758076,3500,64,90,Py,Other,Py-Other
65_67,Ag,23.8684478998184,3503,65,67,Py,Other,Py-Other
65_68,Ag,23.4618908278644,3504,65,68,Py,Other,Py-Other
65_69,Ag,21.3988729789853,3505,65,69,Py,Other,Py-Other
65_70,Ag,21.9573780447245,3506,65,70,Py,Other,Py-Other
65_71,Ag,35.1532769054174,3507,65,71,Py,Other,Py-Other
65_79,Ag,21.5198235921562,3515,65,79,Py,Other,Py-Other
65_80,Ag,23.0396074913442,3516,65,80,Py,Other,Py-Other
65_85,Ag,12.9255147017539,3521,65,85,Py,Other,Py-Other
65_86,Ag,13.1503148749471,3522,65,86,Py,Other,Py-Other
65_87,Ag,15.5185932293534,3523,65,87,Py,Other,Py-Other
65_88,Ag,15.8077815547586,3524,65,88,Py,Other,Py-Other
65_89,Ag,20.7381579130888,3525,65,89,Py,Other,Py-Other
65_90,Ag,27.961895160377,3526,65,90,Py,Other,Py-Other
66_67,Ag,34.7202551662922,3528,66,67,Py,Other,Py-Other
66_68,Ag,28.8793976530433,3529,66,68,Py,Other,Py-Other
66_69,Ag,24.1192213371396,3530,66,69,Py,Other,Py-Other
66_70,Ag,28.5392,3531,66,70,Py,Other,Py-Other
66_71,Ag,41.0640562176704,3532,66,71,Py,Other,Py-Other
66_79,Ag,31.0257280357182,3540,66,79,Py,Other,Py-Other
66_80,Ag,32.6526912599802,3541,66,80,Py,Other,Py-Other
66_85,Ag,18.4482299089432,3546,66,85,Py,Other,Py-Other
66_86,Ag,16.5384109355509,3547,66,86,Py,Other,Py-Other
66_87,Ag,18.9311261475086,3548,66,87,Py,Other,Py-Other
66_88,Ag,25.8697035871446,3549,66,88,Py,Other,Py-Other
66_89,Ag,23.005971159786,3550,66,89,Py,Other,Py-Other
66_90,Ag,33.305635470897,3551,66,90,Py,Other,Py-Other
50_67,Au,6.87249088287354,7108,50,67,Py,Other,Py-Other
50_68,Au,7.65,7109,50,68,Py,Other,Py-Other
50_69,Au,0.874793596565723,7110,50,69,Py,Other,Py-Other
50_70,Au,2.96891392767429,7111,50,70,Py,Other,Py-Other
50_71,Au,16.33,7112,50,71,Py,Other,Py-Other
50_79,Au,9.6699133105576,7120,50,79,Py,Other,Py-Other
50_80,Au,5.70628450810909,7121,50,80,Py,Other,Py-Other
50_85,Au,-4.56366058811545,7126,50,85,Py,Other,Py-Other
50_86,Au,-8.83079364150763,7127,50,86,Py,Other,Py-Other
50_87,Au,-4.21836897730827,7128,50,87,Py,Other,Py-Other
50_88,Au,3.84142746776342,7129,50,88,Py,Other,Py-Other
50_89,Au,0.438032295554876,7130,50,89,Py,Other,Py-Other
50_90,Au,9.49923679232597,7131,50,90,Py,Other,Py-Other
51_67,Au,13.3903264254332,7148,51,67,Py,Other,Py-Other
51_68,Au,6.44584272801876,7149,51,68,Py,Other,Py-Other
51_69,Au,2.1597192324698,7150,51,69,Py,Other,Py-Other
51_70,Au,-0.355918146669865,7151,51,70,Py,Other,Py-Other
51_71,Au,19.2736555635929,7152,51,71,Py,Other,Py-Other
51_79,Au,5.60501542687416,7160,51,79,Py,Other,Py-Other
51_80,Au,6.71038141846657,7161,51,80,Py,Other,Py-Other
51_85,Au,-2.9487232491374,7166,51,85,Py,Other,Py-Other
51_86,Au,-6.1382665745914,7167,51,86,Py,Other,Py-Other
51_87,Au,0.740960791707039,7168,51,87,Py,Other,Py-Other
51_88,Au,-0.697632569819689,7169,51,88,Py,Other,Py-Other
51_89,Au,-1.43718595430255,7170,51,89,Py,Other,Py-Other
51_90,Au,6.19586282223463,7171,51,90,Py,Other,Py-Other
52_67,Au,8.75515865534544,7187,52,67,Py,Other,Py-Other
52_68,Au,8.47894665971398,7188,52,68,Py,Other,Py-Other
52_69,Au,2.2677912004292,7189,52,69,Py,Other,Py-Other
52_70,Au,-1.35817538201809,7190,52,70,Py,Other,Py-Other
52_71,Au,16.4324131421745,7191,52,71,Py,Other,Py-Other
52_79,Au,7.87441297248006,7199,52,79,Py,Other,Py-Other
52_80,Au,3.03616912290454,7200,52,80,Py,Other,Py-Other
52_85,Au,-3.23328090831637,7205,52,85,Py,Other,Py-Other
52_86,Au,-5.40272293239832,7206,52,86,Py,Other,Py-Other
52_87,Au,0.957836776971817,7207,52,87,Py,Other,Py-Other
52_88,Au,0.502820573747158,7208,52,88,Py,Other,Py-Other
52_89,Au,0.0411066561937332,7209,52,89,Py,Other,Py-Other
52_90,Au,7.77395462244749,7210,52,90,Py,Other,Py-Other
53_67,Au,8.8430458381772,7225,53,67,Py,Other,Py-Other
53_68,Au,7.75312169641256,7226,53,68,Py,Other,Py-Other
53_69,Au,1.61515426263213,7227,53,69,Py,Other,Py-Other
53_70,Au,0.326995108276606,7228,53,70,Py,Other,Py-Other
53_71,Au,16.019922349602,7229,53,71,Py,Other,Py-Other
53_79,Au,7.98032892495394,7237,53,79,Py,Other,Py-Other
53_80,Au,2.12929916009307,7238,53,80,Py,Other,Py-Other
53_85,Au,-3.27251608669758,7243,53,85,Py,Other,Py-Other
53_86,Au,-5.0367701202631,7244,53,86,Py,Other,Py-Other
53_87,Au,-3.80175074934959,7245,53,87,Py,Other,Py-Other
53_88,Au,-0.291289322078228,7246,53,88,Py,Other,Py-Other
53_89,Au,-2.55520082265139,7247,53,89,Py,Other,Py-Other
53_90,Au,4.94703751057386,7248,53,90,Py,Other,Py-Other
54_67,Au,26.05,7262,54,67,Py,Other,Py-Other
54_68,Au,7.78840058296919,7263,54,68,Py,Other,Py-Other
54_69,Au,3.89876693487167,7264,54,69,Py,Other,Py-Other
54_70,Au,1.45216990634799,7265,54,70,Py,Other,Py-Other
54_71,Au,19.0081473998725,7266,54,71,Py,Other,Py-Other
54_79,Au,8.06270925700665,7274,54,79,Py,Other,Py-Other
54_80,Au,12.4903973899782,7275,54,80,Py,Other,Py-Other
54_85,Au,-1.09861042350531,7280,54,85,Py,Other,Py-Other
54_86,Au,-3.56931295245886,7281,54,86,Py,Other,Py-Other
54_87,Au,1.35867228358984,7282,54,87,Py,Other,Py-Other
54_88,Au,-0.147709660232067,7283,54,88,Py,Other,Py-Other
54_89,Au,-0.841342460364103,7284,54,89,Py,Other,Py-Other
54_90,Au,12.0682588592172,7285,54,90,Py,Other,Py-Other
55_67,Au,9.06305996328593,7298,55,67,Py,Other,Py-Other
55_68,Au,8.58000413328409,7299,55,68,Py,Other,Py-Other
55_69,Au,3.27425369247794,7300,55,69,Py,Other,Py-Other
55_70,Au,2.18409917503595,7301,55,70,Py,Other,Py-Other
55_71,Au,16.3814780525863,7302,55,71,Py,Other,Py-Other
55_79,Au,7.17770501598716,7310,55,79,Py,Other,Py-Other
55_80,Au,5.58907168358564,7311,55,80,Py,Other,Py-Other
55_85,Au,-3.00460575893521,7316,55,85,Py,Other,Py-Other
55_86,Au,-6.47944464534521,7317,55,86,Py,Other,Py-Other
55_87,Au,4.09727517515421,7318,55,87,Py,Other,Py-Other
55_88,Au,1.48592579364777,7319,55,88,Py,Other,Py-Other
55_89,Au,-2.01693498343229,7320,55,89,Py,Other,Py-Other
55_90,Au,4.43782970309258,7321,55,90,Py,Other,Py-Other
56_67,Au,9.03194328397512,7333,56,67,Py,Other,Py-Other
56_68,Au,7.91676696389914,7334,56,68,Py,Other,Py-Other
56_69,Au,1.56099288910627,7335,56,69,Py,Other,Py-Other
56_70,Au,-0.128745935857296,7336,56,70,Py,Other,Py-Other
56_71,Au,15.1576109789312,7337,56,71,Py,Other,Py-Other
56_79,Au,5.43051980808377,7345,56,79,Py,Other,Py-Other
56_80,Au,4.70472159981728,7346,56,80,Py,Other,Py-Other
56_85,Au,-4.25227243453264,7351,56,85,Py,Other,Py-Other
56_86,Au,-3.4796145260334,7352,56,86,Py,Other,Py-Other
56_87,Au,1.08779929205775,7353,56,87,Py,Other,Py-Other
56_88,Au,1.33577308803797,7354,56,88,Py,Other,Py-Other
56_89,Au,-0.105321452021599,7355,56,89,Py,Other,Py-Other
56_90,Au,6.85863433033228,7356,56,90,Py,Other,Py-Other
57_67,Au,9.46,7367,57,67,Py,Other,Py-Other
57_68,Au,6.29009408503771,7368,57,68,Py,Other,Py-Other
57_69,Au,1.74155367910862,7369,57,69,Py,Other,Py-Other
57_70,Au,4.12,7370,57,70,Py,Other,Py-Other
57_71,Au,18.134788043797,7371,57,71,Py,Other,Py-Other
57_79,Au,3.86688104644418,7379,57,79,Py,Other,Py-Other
57_80,Au,4.35151554271579,7380,57,80,Py,Other,Py-Other
57_85,Au,-2.71686819195747,7385,57,85,Py,Other,Py-Other
57_86,Au,-9.06521414592862,7386,57,86,Py,Other,Py-Other
57_87,Au,-3.83039036393166,7387,57,87,Py,Other,Py-Other
57_88,Au,-4.73652824014425,7388,57,88,Py,Other,Py-Other
57_89,Au,2.09253718331456,7389,57,89,Py,Other,Py-Other
57_90,Au,10.2532113343477,7390,57,90,Py,Other,Py-Other
58_67,Au,5.31153577566147,7400,58,67,Py,Other,Py-Other
58_68,Au,6.91,7401,58,68,Py,Other,Py-Other
58_69,Au,0.229553867131472,7402,58,69,Py,Other,Py-Other
58_70,Au,2.09945430979133,7403,58,70,Py,Other,Py-Other
58_71,Au,16.36,7404,58,71,Py,Other,Py-Other
58_79,Au,3.27278586477041,7412,58,79,Py,Other,Py-Other
58_80,Au,1.30472823604941,7413,58,80,Py,Other,Py-Other
58_85,Au,-7.23624141141772,7418,58,85,Py,Other,Py-Other
58_86,Au,-7.75184754282236,7419,58,86,Py,Other,Py-Other
58_87,Au,-0.417583644390106,7420,58,87,Py,Other,Py-Other
58_88,Au,-2.56932334601879,7421,58,88,Py,Other,Py-Other
58_89,Au,-1.1044252961874,7422,58,89,Py,Other,Py-Other
58_90,Au,5.01892518624663,7423,58,90,Py,Other,Py-Other
59_67,Au,4.62299892678857,7432,59,67,Py,Other,Py-Other
59_68,Au,5.98637066036463,7433,59,68,Py,Other,Py-Other
59_69,Au,-0.816055282950401,7434,59,69,Py,Other,Py-Other
59_70,Au,1.99882554635406,7435,59,70,Py,Other,Py-Other
59_71,Au,15.8239190578461,7436,59,71,Py,Other,Py-Other
59_79,Au,3.609365709126,7444,59,79,Py,Other,Py-Other
59_80,Au,1.48168312758207,7445,59,80,Py,Other,Py-Other
59_85,Au,-0.812604986131191,7450,59,85,Py,Other,Py-Other
59_86,Au,-10.5434936694801,7451,59,86,Py,Other,Py-Other
59_87,Au,-0.0836276225745678,7452,59,87,Py,Other,Py-Other
59_88,Au,-3.75987639278174,7453,59,88,Py,Other,Py-Other
59_89,Au,-1.46977845579386,7454,59,89,Py,Other,Py-Other
59_90,Au,5.26937475055456,7455,59,90,Py,Other,Py-Other
60_67,Au,10.5,7549,60,67,Py,Other,Py-Other
60_68,Au,7.6316894069314,7550,60,68,Py,Other,Py-Other
60_69,Au,4.01723911613226,7551,60,69,Py,Other,Py-Other
60_70,Au,5.17,7552,60,70,Py,Other,Py-Other
60_71,Au,19.5405739322305,7553,60,71,Py,Other,Py-Other
60_79,Au,4.82204446941614,7561,60,79,Py,Other,Py-Other
60_80,Au,7.2850039228797,7562,60,80,Py,Other,Py-Other
60_85,Au,-2.62993807718158,7567,60,85,Py,Other,Py-Other
60_86,Au,-6.43179608508945,7568,60,86,Py,Other,Py-Other
60_87,Au,-3.5484312325716,7569,60,87,Py,Other,Py-Other
60_88,Au,-1.02889923006296,7570,60,88,Py,Other,Py-Other
60_89,Au,-5.27610394731164,7571,60,89,Py,Other,Py-Other
60_90,Au,7.84692714363337,7572,60,90,Py,Other,Py-Other
61_67,Au,5.5437824241817,7579,61,67,Py,Other,Py-Other
61_68,Au,6.56,7580,61,68,Py,Other,Py-Other
61_69,Au,-0.238777916878462,7581,61,69,Py,Other,Py-Other
61_70,Au,0.564097605645657,7582,61,70,Py,Other,Py-Other
61_71,Au,15.77,7583,61,71,Py,Other,Py-Other
61_79,Au,7.15793257206678,7591,61,79,Py,Other,Py-Other
61_80,Au,2.73781956359744,7592,61,80,Py,Other,Py-Other
61_85,Au,-2.65597607195377,7597,61,85,Py,Other,Py-Other
61_86,Au,-11.3328243978322,7598,61,86,Py,Other,Py-Other
61_87,Au,-1.38010161742568,7599,61,87,Py,Other,Py-Other
61_88,Au,-0.478487879037857,7600,61,88,Py,Other,Py-Other
61_89,Au,-6.55635094642639,7601,61,89,Py,Other,Py-Other
61_90,Au,2.08362095430493,7602,61,90,Py,Other,Py-Other
62_67,Au,6.3094164468348,7608,62,67,Py,Other,Py-Other
62_68,Au,7.72686836123467,7609,62,68,Py,Other,Py-Other
62_69,Au,-1.36095452308655,7610,62,69,Py,Other,Py-Other
62_70,Au,0.900163810700178,7611,62,70,Py,Other,Py-Other
62_71,Au,15.1891397126019,7612,62,71,Py,Other,Py-Other
62_79,Au,6.3091404363513,7620,62,79,Py,Other,Py-Other
62_80,Au,2.00920596346259,7621,62,80,Py,Other,Py-Other
62_85,Au,-4.47864858061075,7626,62,85,Py,Other,Py-Other
62_86,Au,-9.06349864602089,7627,62,86,Py,Other,Py-Other
62_87,Au,-1.76476932317019,7628,62,87,Py,Other,Py-Other
62_88,Au,-2.12006206437945,7629,62,88,Py,Other,Py-Other
62_89,Au,-1.75997800007463,7630,62,89,Py,Other,Py-Other
62_90,Au,5.8677424415946,7631,62,90,Py,Other,Py-Other
63_67,Au,3.48971695825458,7636,63,67,Py,Other,Py-Other
63_68,Au,6.8609087318182,7637,63,68,Py,Other,Py-Other
63_69,Au,-3.8801375515759,7638,63,69,Py,Other,Py-Other
63_70,Au,4.66,7639,63,70,Py,Other,Py-Other
63_71,Au,16.29,7640,63,71,Py,Other,Py-Other
63_79,Au,3.28554639965296,7648,63,79,Py,Other,Py-Other
63_80,Au,-1.34703733026981,7649,63,80,Py,Other,Py-Other
63_85,Au,-6.44234887138009,7654,63,85,Py,Other,Py-Other
63_86,Au,-12.0891333408654,7655,63,86,Py,Other,Py-Other
63_87,Au,-4.83068566396832,7656,63,87,Py,Other,Py-Other
63_88,Au,-4.67238108813763,7657,63,88,Py,Other,Py-Other
63_89,Au,-10.5974124670029,7658,63,89,Py,Other,Py-Other
63_90,Au,0.853152919560671,7659,63,90,Py,Other,Py-Other
64_67,Au,7.66,7663,64,67,Py,Other,Py-Other
64_68,Au,4.71232901886106,7664,64,68,Py,Other,Py-Other
64_69,Au,3.40735122933984,7665,64,69,Py,Other,Py-Other
64_70,Au,1.90647247433662,7666,64,70,Py,Other,Py-Other
64_71,Au,15.6511576846242,7667,64,71,Py,Other,Py-Other
64_79,Au,6.79306611046195,7675,64,79,Py,Other,Py-Other
64_80,Au,7.32208736240864,7676,64,80,Py,Other,Py-Other
64_85,Au,-2.2109676450491,7681,64,85,Py,Other,Py-Other
64_86,Au,-5.74282044917345,7682,64,86,Py,Other,Py-Other
64_87,Au,-2.46148608252406,7683,64,87,Py,Other,Py-Other
64_88,Au,-3.31683748960495,7684,64,88,Py,Other,Py-Other
64_89,Au,2.00170777365565,7685,64,89,Py,Other,Py-Other
64_90,Au,8.15494385361671,7686,64,90,Py,Other,Py-Other
65_67,Au,7.09,7689,65,67,Py,Other,Py-Other
65_68,Au,6.10727290064096,7690,65,68,Py,Other,Py-Other
65_69,Au,2.39897596091032,7691,65,69,Py,Other,Py-Other
65_70,Au,0.52154553309083,7692,65,70,Py,Other,Py-Other
65_71,Au,15.5044273026288,7693,65,71,Py,Other,Py-Other
65_79,Au,4.14471544325352,7701,65,79,Py,Other,Py-Other
65_80,Au,5.31658572331071,7702,65,80,Py,Other,Py-Other
65_85,Au,-3.92198377102614,7707,65,85,Py,Other,Py-Other
65_86,Au,-4.7366167716682,7708,65,86,Py,Other,Py-Other
65_87,Au,-4.54236407577992,7709,65,87,Py,Other,Py-Other
65_88,Au,-5.21945667266846,7710,65,88,Py,Other,Py-Other
65_89,Au,-1.50431061163545,7711,65,89,Py,Other,Py-Other
65_90,Au,7.33901406824589,7712,65,90,Py,Other,Py-Other
66_67,Au,14.03,7714,66,67,Py,Other,Py-Other
66_68,Au,7.99373448640108,7715,66,68,Py,Other,Py-Other
66_69,Au,6.41778733581305,7716,66,69,Py,Other,Py-Other
66_70,Au,3.06590256094933,7717,66,70,Py,Other,Py-Other
66_71,Au,20.8033211901784,7718,66,71,Py,Other,Py-Other
66_79,Au,11.477435387671,7726,66,79,Py,Other,Py-Other
66_80,Au,12.949690643698,7727,66,80,Py,Other,Py-Other
66_85,Au,-2.63118248805404,7732,66,85,Py,Other,Py-Other
66_86,Au,-2.59749769791961,7733,66,86,Py,Other,Py-Other
66_87,Au,-0.246241431683302,7734,66,87,Py,Other,Py-Other
66_88,Au,4.57720595598221,7735,66,88,Py,Other,Py-Other
66_89,Au,-0.682756934314966,7736,66,89,Py,Other,Py-Other
66_90,Au,13.0267840139568,7737,66,90,Py,Other,Py-Other
50_67,Cu,6.85363161563873,11294,50,67,Py,Other,Py-Other
50_68,Cu,10.87,11295,50,68,Py,Other,Py-Other
50_69,Cu,-0.272641446441412,11296,50,69,Py,Other,Py-Other
50_70,Cu,0.88,11297,50,70,Py,Other,Py-Other
50_71,Cu,14.76,11298,50,71,Py,Other,Py-Other
50_79,Cu,9.13411899283528,11306,50,79,Py,Other,Py-Other
50_80,Cu,4.72437809035182,11307,50,80,Py,Other,Py-Other
50_85,Cu,-7.03631180152297,11312,50,85,Py,Other,Py-Other
50_86,Cu,-9.58417498320341,11313,50,86,Py,Other,Py-Other
50_87,Cu,-5.46894640848041,11314,50,87,Py,Other,Py-Other
50_88,Cu,1.76633860915899,11315,50,88,Py,Other,Py-Other
50_89,Cu,-0.660190038383007,11316,50,89,Py,Other,Py-Other
50_90,Cu,8.1293512545526,11317,50,90,Py,Other,Py-Other
51_67,Cu,21.29,11334,51,67,Py,Other,Py-Other
51_68,Cu,6.31707330420613,11335,51,68,Py,Other,Py-Other
51_69,Cu,3.79183983802795,11336,51,69,Py,Other,Py-Other
51_70,Cu,-0.75,11337,51,70,Py,Other,Py-Other
51_71,Cu,19.7140408158302,11338,51,71,Py,Other,Py-Other
51_79,Cu,5.16517491266131,11346,51,79,Py,Other,Py-Other
51_80,Cu,4.43084198981524,11347,51,80,Py,Other,Py-Other
51_85,Cu,-6.78208712115884,11352,51,85,Py,Other,Py-Other
51_86,Cu,-7.20819647610188,11353,51,86,Py,Other,Py-Other
51_87,Cu,-4.49867612123489,11354,51,87,Py,Other,Py-Other
51_88,Cu,-1.29405108094215,11355,51,88,Py,Other,Py-Other
51_89,Cu,-3.19171283766627,11356,51,89,Py,Other,Py-Other
51_90,Cu,4.74203595891595,11357,51,90,Py,Other,Py-Other
52_67,Cu,9.565778888762,11373,52,67,Py,Other,Py-Other
52_68,Cu,9.55,11374,52,68,Py,Other,Py-Other
52_69,Cu,3.51488798111677,11375,52,69,Py,Other,Py-Other
52_70,Cu,-0.771689128130674,11376,52,70,Py,Other,Py-Other
52_71,Cu,15.06,11377,52,71,Py,Other,Py-Other
52_79,Cu,7.52414375916123,11385,52,79,Py,Other,Py-Other
52_80,Cu,2.36861400306225,11386,52,80,Py,Other,Py-Other
52_85,Cu,-2.90270171314478,11391,52,85,Py,Other,Py-Other
52_86,Cu,-5.91359744220972,11392,52,86,Py,Other,Py-Other
52_87,Cu,0.314773663878441,11393,52,87,Py,Other,Py-Other
52_88,Cu,1.15564147010446,11394,52,88,Py,Other,Py-Other
52_89,Cu,-0.615696214139462,11395,52,89,Py,Other,Py-Other
52_90,Cu,7.10090743005276,11396,52,90,Py,Other,Py-Other
53_67,Cu,8.8849120773375,11411,53,67,Py,Other,Py-Other
53_68,Cu,11.65,11412,53,68,Py,Other,Py-Other
53_69,Cu,1.39875194430351,11413,53,69,Py,Other,Py-Other
53_70,Cu,-0.572091165930033,11414,53,70,Py,Other,Py-Other
53_71,Cu,15.11,11415,53,71,Py,Other,Py-Other
53_79,Cu,6.68005707114935,11423,53,79,Py,Other,Py-Other
53_80,Cu,2.15175834298134,11424,53,80,Py,Other,Py-Other
53_85,Cu,-4.33669129014015,11429,53,85,Py,Other,Py-Other
53_86,Cu,-5.51581733673811,11430,53,86,Py,Other,Py-Other
53_87,Cu,-3.61030980199575,11431,53,87,Py,Other,Py-Other
53_88,Cu,0.223351895809173,11432,53,88,Py,Other,Py-Other
53_89,Cu,-1.64062432199717,11433,53,89,Py,Other,Py-Other
53_90,Cu,2.28117864578962,11434,53,90,Py,Other,Py-Other
54_67,Cu,22.62,11448,54,67,Py,Other,Py-Other
54_68,Cu,8.33200468495488,11449,54,68,Py,Other,Py-Other
54_69,Cu,5.82946526631713,11450,54,69,Py,Other,Py-Other
54_70,Cu,0.717585682868958,11451,54,70,Py,Other,Py-Other
54_71,Cu,19.3725995235145,11452,54,71,Py,Other,Py-Other
54_79,Cu,6.75295015797019,11460,54,79,Py,Other,Py-Other
54_80,Cu,10.5091861113906,11461,54,80,Py,Other,Py-Other
54_85,Cu,-3.6372101418674,11466,54,85,Py,Other,Py-Other
54_86,Cu,-5.86277037858963,11467,54,86,Py,Other,Py-Other
54_87,Cu,-4.00641183555126,11468,54,87,Py,Other,Py-Other
54_88,Cu,-2.74421099200845,11469,54,88,Py,Other,Py-Other
54_89,Cu,-3.42743105813861,11470,54,89,Py,Other,Py-Other
54_90,Cu,7.49680699408054,11471,54,90,Py,Other,Py-Other
55_67,Cu,10.3161518909037,11484,55,67,Py,Other,Py-Other
55_68,Cu,8.38133295997977,11485,55,68,Py,Other,Py-Other
55_69,Cu,4.45547822862864,11486,55,69,Py,Other,Py-Other
55_70,Cu,1.93,11487,55,70,Py,Other,Py-Other
55_71,Cu,16.4663187749684,11488,55,71,Py,Other,Py-Other
55_79,Cu,6.91217940300703,11496,55,79,Py,Other,Py-Other
55_80,Cu,4.61962025240064,11497,55,80,Py,Other,Py-Other
55_85,Cu,-6.10264772921801,11502,55,85,Py,Other,Py-Other
55_86,Cu,-6.29961627349258,11503,55,86,Py,Other,Py-Other
55_87,Cu,1.51542704552412,11504,55,87,Py,Other,Py-Other
55_88,Cu,1.61320549249649,11505,55,88,Py,Other,Py-Other
55_89,Cu,-3.16158352419734,11506,55,89,Py,Other,Py-Other
55_90,Cu,3.29195384681225,11507,55,90,Py,Other,Py-Other
56_67,Cu,9.29960499703884,11519,56,67,Py,Other,Py-Other
56_68,Cu,9.51454296335578,11520,56,68,Py,Other,Py-Other
56_69,Cu,0.197497438639402,11521,56,69,Py,Other,Py-Other
56_70,Cu,1.84,11522,56,70,Py,Other,Py-Other
56_71,Cu,16.1353212967515,11523,56,71,Py,Other,Py-Other
56_79,Cu,4.83259219676256,11531,56,79,Py,Other,Py-Other
56_80,Cu,4.58044321089983,11532,56,80,Py,Other,Py-Other
56_85,Cu,-7.03143147006631,11537,56,85,Py,Other,Py-Other
56_86,Cu,-3.30016728490591,11538,56,86,Py,Other,Py-Other
56_87,Cu,-1.00953264534473,11539,56,87,Py,Other,Py-Other
56_88,Cu,1.94719621911645,11540,56,88,Py,Other,Py-Other
56_89,Cu,0.40317127853632,11541,56,89,Py,Other,Py-Other
56_90,Cu,5.17320789024234,11542,56,90,Py,Other,Py-Other
57_67,Cu,5.01,11553,57,67,Py,Other,Py-Other
57_68,Cu,9.6,11554,57,68,Py,Other,Py-Other
57_69,Cu,10.23,11555,57,69,Py,Other,Py-Other
57_70,Cu,8.28,11556,57,70,Py,Other,Py-Other
57_71,Cu,17.18,11557,57,71,Py,Other,Py-Other
57_79,Cu,2.02768598124385,11565,57,79,Py,Other,Py-Other
57_80,Cu,3.691734906286,11566,57,80,Py,Other,Py-Other
57_85,Cu,-8.30112585425377,11571,57,85,Py,Other,Py-Other
57_86,Cu,-12.2116567343473,11572,57,86,Py,Other,Py-Other
57_87,Cu,-8.51369479671121,11573,57,87,Py,Other,Py-Other
57_88,Cu,-6.48973849415779,11574,57,88,Py,Other,Py-Other
57_89,Cu,-2.56046277657151,11575,57,89,Py,Other,Py-Other
57_90,Cu,8.72140719741583,11576,57,90,Py,Other,Py-Other
58_67,Cu,5.24037046730518,11586,58,67,Py,Other,Py-Other
58_68,Cu,9.52,11587,58,68,Py,Other,Py-Other
58_69,Cu,-0.604127056896687,11588,58,69,Py,Other,Py-Other
58_70,Cu,1.22,11589,58,70,Py,Other,Py-Other
58_71,Cu,14.48,11590,58,71,Py,Other,Py-Other
58_79,Cu,0.848138459026814,11598,58,79,Py,Other,Py-Other
58_80,Cu,1.31072108447552,11599,58,80,Py,Other,Py-Other
58_85,Cu,-9.83294043317437,11604,58,85,Py,Other,Py-Other
58_86,Cu,-8.23318813368678,11605,58,86,Py,Other,Py-Other
58_87,Cu,-1.71496929973364,11606,58,87,Py,Other,Py-Other
58_88,Cu,-2.53970880433917,11607,58,88,Py,Other,Py-Other
58_89,Cu,-2.63408770412207,11608,58,89,Py,Other,Py-Other
58_90,Cu,2.75098223239183,11609,58,90,Py,Other,Py-Other
59_67,Cu,4.93072706088424,11618,59,67,Py,Other,Py-Other
59_68,Cu,10.62,11619,59,68,Py,Other,Py-Other
59_69,Cu,-2.27589082345366,11620,59,69,Py,Other,Py-Other
59_70,Cu,-0.0979412086308002,11621,59,70,Py,Other,Py-Other
59_71,Cu,14.96,11622,59,71,Py,Other,Py-Other
59_79,Cu,1.70913100615144,11630,59,79,Py,Other,Py-Other
59_80,Cu,2.01048416644335,11631,59,80,Py,Other,Py-Other
59_85,Cu,-2.35069632530212,11636,59,85,Py,Other,Py-Other
59_86,Cu,-10.9683582298458,11637,59,86,Py,Other,Py-Other
59_87,Cu,-2.93582121655345,11638,59,87,Py,Other,Py-Other
59_88,Cu,-4.22813107818365,11639,59,88,Py,Other,Py-Other
59_89,Cu,-3.78017612546682,11640,59,89,Py,Other,Py-Other
59_90,Cu,4.16330372542143,11641,59,90,Py,Other,Py-Other
60_67,Cu,4.28,11735,60,67,Py,Other,Py-Other
60_68,Cu,2.75311240926385,11736,60,68,Py,Other,Py-Other
60_69,Cu,1.34651863574982,11737,60,69,Py,Other,Py-Other
60_70,Cu,2.26,11738,60,70,Py,Other,Py-Other
60_71,Cu,16.2298162654042,11739,60,71,Py,Other,Py-Other
60_79,Cu,2.50796170532703,11747,60,79,Py,Other,Py-Other
60_80,Cu,2.97924167662859,11748,60,80,Py,Other,Py-Other
60_85,Cu,-10.0221022181213,11753,60,85,Py,Other,Py-Other
60_86,Cu,-9.78521404415369,11754,60,86,Py,Other,Py-Other
60_87,Cu,-7.24633884802461,11755,60,87,Py,Other,Py-Other
60_88,Cu,-4.20739015936852,11756,60,88,Py,Other,Py-Other
60_89,Cu,-10.6584717743099,11757,60,89,Py,Other,Py-Other
60_90,Cu,4.17817793786526,11758,60,90,Py,Other,Py-Other
61_67,Cu,6.88088992610574,11765,61,67,Py,Other,Py-Other
61_68,Cu,8.71,11766,61,68,Py,Other,Py-Other
61_69,Cu,0.956193815916777,11767,61,69,Py,Other,Py-Other
61_70,Cu,-0.14070975035429,11768,61,70,Py,Other,Py-Other
61_71,Cu,13.27,11769,61,71,Py,Other,Py-Other
61_79,Cu,7.26470910012722,11777,61,79,Py,Other,Py-Other
61_80,Cu,1.80886027961969,11778,61,80,Py,Other,Py-Other
61_85,Cu,-3.68677685782313,11783,61,85,Py,Other,Py-Other
61_86,Cu,-9.4212160743773,11784,61,86,Py,Other,Py-Other
61_87,Cu,-4.24024637788534,11785,61,87,Py,Other,Py-Other
61_88,Cu,-0.0612092092633247,11786,61,88,Py,Other,Py-Other
61_89,Cu,-7.15231283009052,11787,61,89,Py,Other,Py-Other
61_90,Cu,0.58569235727191,11788,61,90,Py,Other,Py-Other
62_67,Cu,6.67544472962618,11794,62,67,Py,Other,Py-Other
62_68,Cu,10.88,11795,62,68,Py,Other,Py-Other
62_69,Cu,-3.77433165162802,11796,62,69,Py,Other,Py-Other
62_70,Cu,7.67,11797,62,70,Py,Other,Py-Other
62_71,Cu,15.13,11798,62,71,Py,Other,Py-Other
62_79,Cu,6.88826457411051,11806,62,79,Py,Other,Py-Other
62_80,Cu,0.976824786514044,11807,62,80,Py,Other,Py-Other
62_85,Cu,-5.49957357719541,11812,62,85,Py,Other,Py-Other
62_86,Cu,-8.92826142534614,11813,62,86,Py,Other,Py-Other
62_87,Cu,-2.49962167069316,11814,62,87,Py,Other,Py-Other
62_88,Cu,-1.05360438302159,11815,62,88,Py,Other,Py-Other
62_89,Cu,-1.93537724018097,11816,62,89,Py,Other,Py-Other
62_90,Cu,3.9134364426136,11817,62,90,Py,Other,Py-Other
63_67,Cu,4.11929365992546,11822,63,67,Py,Other,Py-Other
63_68,Cu,9.36,11823,63,68,Py,Other,Py-Other
63_69,Cu,-5.85196344554424,11824,63,69,Py,Other,Py-Other
63_70,Cu,-1.15252930298448,11825,63,70,Py,Other,Py-Other
63_71,Cu,23.12,11826,63,71,Py,Other,Py-Other
63_79,Cu,0.979653839021921,11834,63,79,Py,Other,Py-Other
63_80,Cu,-0.497949350625277,11835,63,80,Py,Other,Py-Other
63_85,Cu,-8.51698512583971,11840,63,85,Py,Other,Py-Other
63_86,Cu,-12.7125847749412,11841,63,86,Py,Other,Py-Other
63_87,Cu,-4.76934011653066,11842,63,87,Py,Other,Py-Other
63_88,Cu,-4.73703947290778,11843,63,88,Py,Other,Py-Other
63_89,Cu,-12.0281528122723,11844,63,89,Py,Other,Py-Other
63_90,Cu,-1.50815583020449,11845,63,90,Py,Other,Py-Other
64_67,Cu,3.5261187851429,11849,64,67,Py,Other,Py-Other
64_68,Cu,7.01,11850,64,68,Py,Other,Py-Other
64_69,Cu,8.36,11851,64,69,Py,Other,Py-Other
64_70,Cu,2.07,11852,64,70,Py,Other,Py-Other
64_71,Cu,15.71,11853,64,71,Py,Other,Py-Other
64_79,Cu,2.75533711537719,11861,64,79,Py,Other,Py-Other
64_80,Cu,3.05758448690176,11862,64,80,Py,Other,Py-Other
64_85,Cu,-7.95051424577832,11867,64,85,Py,Other,Py-Other
64_86,Cu,-8.22374857217073,11868,64,86,Py,Other,Py-Other
64_87,Cu,-8.2966391146183,11869,64,87,Py,Other,Py-Other
64_88,Cu,-6.08294711634517,11870,64,88,Py,Other,Py-Other
64_89,Cu,-3.62038195133209,11871,64,89,Py,Other,Py-Other
64_90,Cu,6.19883678480983,11872,64,90,Py,Other,Py-Other
65_67,Cu,3.99578172340989,11875,65,67,Py,Other,Py-Other
65_68,Cu,5.86,11876,65,68,Py,Other,Py-Other
65_69,Cu,7.71,11877,65,69,Py,Other,Py-Other
65_70,Cu,3.59,11878,65,70,Py,Other,Py-Other
65_71,Cu,15.82,11879,65,71,Py,Other,Py-Other
65_79,Cu,0.239424020051956,11887,65,79,Py,Other,Py-Other
65_80,Cu,0.67178075760603,11888,65,80,Py,Other,Py-Other
65_85,Cu,-11.6404156461358,11893,65,85,Py,Other,Py-Other
65_86,Cu,-7.70139804109931,11894,65,86,Py,Other,Py-Other
65_87,Cu,-8.80108411982656,11895,65,87,Py,Other,Py-Other
65_88,Cu,-5.68689157068729,11896,65,88,Py,Other,Py-Other
65_89,Cu,-6.50463999435306,11897,65,89,Py,Other,Py-Other
65_90,Cu,3.17404486984014,11898,65,90,Py,Other,Py-Other
66_67,Cu,20.15,11900,66,67,Py,Other,Py-Other
66_68,Cu,7.62464712932706,11901,66,68,Py,Other,Py-Other
66_69,Cu,8.78468726575375,11902,66,69,Py,Other,Py-Other
66_70,Cu,0.821226678788662,11903,66,70,Py,Other,Py-Other
66_71,Cu,20.6741614043713,11904,66,71,Py,Other,Py-Other
66_79,Cu,10.2008430287242,11912,66,79,Py,Other,Py-Other
66_80,Cu,10.7863247133791,11913,66,80,Py,Other,Py-Other
66_85,Cu,-3.30549577996135,11918,66,85,Py,Other,Py-Other
66_86,Cu,-3.54882200062275,11919,66,86,Py,Other,Py-Other
66_87,Cu,-3.17573186010122,11920,66,87,Py,Other,Py-Other
66_88,Cu,4.74348342418671,11921,66,88,Py,Other,Py-Other
66_89,Cu,-3.28614081442356,11922,66,89,Py,Other,Py-Other
66_90,Cu,10.4102141410112,11923,66,90,Py,Other,Py-Other
50_67,Ni,-58.7691520005465,15480,50,67,Py,Other,Py-Other
50_68,Ni,-59.02,15481,50,68,Py,Other,Py-Other
50_69,Ni,-65.66,15482,50,69,Py,Other,Py-Other
50_70,Ni,-60.2364638783038,15483,50,70,Py,Other,Py-Other
50_71,Ni,-45.91,15484,50,71,Py,Other,Py-Other
50_79,Ni,-58.0181023776531,15492,50,79,Py,Other,Py-Other
50_80,Ni,-60.74645524472,15493,50,80,Py,Other,Py-Other
50_85,Ni,-71.8851933814585,15498,50,85,Py,Other,Py-Other
50_86,Ni,-75.0202420763671,15499,50,86,Py,Other,Py-Other
50_87,Ni,-71.454583812505,15500,50,87,Py,Other,Py-Other
50_88,Ni,-65.3759867399931,15501,50,88,Py,Other,Py-Other
50_89,Ni,-64.9372081048787,15502,50,89,Py,Other,Py-Other
50_90,Ni,-55.5760063864291,15503,50,90,Py,Other,Py-Other
51_67,Ni,-50.249774351716,15520,51,67,Py,Other,Py-Other
51_68,Ni,-60.8217,15521,51,68,Py,Other,Py-Other
51_69,Ni,-54.2727956175804,15522,51,69,Py,Other,Py-Other
51_70,Ni,-60.7725091651082,15523,51,70,Py,Other,Py-Other
51_71,Ni,-45.06251373142,15524,51,71,Py,Other,Py-Other
51_79,Ni,-59.1972901076078,15532,51,79,Py,Other,Py-Other
51_80,Ni,-58.4829238280654,15533,51,80,Py,Other,Py-Other
51_85,Ni,-65.5083645172417,15538,51,85,Py,Other,Py-Other
51_86,Ni,-71.1880967654288,15539,51,86,Py,Other,Py-Other
51_87,Ni,-65.5443443767726,15540,51,87,Py,Other,Py-Other
51_88,Ni,-64.3103069104254,15541,51,88,Py,Other,Py-Other
51_89,Ni,-62.6792738363147,15542,51,89,Py,Other,Py-Other
51_90,Ni,-55.6886012926698,15543,51,90,Py,Other,Py-Other
52_67,Ni,-55.6363751515746,15559,52,67,Py,Other,Py-Other
52_68,Ni,-58.0691352039576,15560,52,68,Py,Other,Py-Other
52_69,Ni,-60.4965532831848,15561,52,69,Py,Other,Py-Other
52_70,Ni,-64.5575129911304,15562,52,70,Py,Other,Py-Other
52_71,Ni,-45.3488380610943,15563,52,71,Py,Other,Py-Other
52_79,Ni,-59.1040974035859,15571,52,79,Py,Other,Py-Other
52_80,Ni,-62.7143505327404,15572,52,80,Py,Other,Py-Other
52_85,Ni,-66.5685351826251,15577,52,85,Py,Other,Py-Other
52_86,Ni,-71.6567812711,15578,52,86,Py,Other,Py-Other
52_87,Ni,-62.9386085011065,15579,52,87,Py,Other,Py-Other
52_88,Ni,-66.5415132939816,15580,52,88,Py,Other,Py-Other
52_89,Ni,-64.5893898457289,15581,52,89,Py,Other,Py-Other
52_90,Ni,-57.0229788571596,15582,52,90,Py,Other,Py-Other
53_67,Ni,-56.5333247557282,15597,53,67,Py,Other,Py-Other
53_68,Ni,-58.9495220929384,15598,53,68,Py,Other,Py-Other
53_69,Ni,-62.5972724631429,15599,53,69,Py,Other,Py-Other
53_70,Ni,-63.5937271602452,15600,53,70,Py,Other,Py-Other
53_71,Ni,-45.9433047622442,15601,53,71,Py,Other,Py-Other
53_79,Ni,-59.9926202483475,15609,53,79,Py,Other,Py-Other
53_80,Ni,-63.0616550669074,15610,53,80,Py,Other,Py-Other
53_85,Ni,-67.9510420113802,15615,53,85,Py,Other,Py-Other
53_86,Ni,-71.711138561368,15616,53,86,Py,Other,Py-Other
53_87,Ni,-66.465584564954,15617,53,87,Py,Other,Py-Other
53_88,Ni,-67.2023803815246,15618,53,88,Py,Other,Py-Other
53_89,Ni,-65.4007797427475,15619,53,89,Py,Other,Py-Other
53_90,Ni,-61.9478239193559,15620,53,90,Py,Other,Py-Other
54_67,Ni,-48.7377646453679,15634,54,67,Py,Other,Py-Other
54_68,Ni,-58.3376,15635,54,68,Py,Other,Py-Other
54_69,Ni,-55.2716150917113,15636,54,69,Py,Other,Py-Other
54_70,Ni,-60.5500839166343,15637,54,70,Py,Other,Py-Other
54_71,Ni,-44.4182865731418,15638,54,71,Py,Other,Py-Other
54_79,Ni,-57.1700039878488,15646,54,79,Py,Other,Py-Other
54_80,Ni,-55.4694168046117,15647,54,80,Py,Other,Py-Other
54_85,Ni,-63.5211107879877,15652,54,85,Py,Other,Py-Other
54_86,Ni,-69.619017072022,15653,54,86,Py,Other,Py-Other
54_87,Ni,-66.2804552353919,15654,54,87,Py,Other,Py-Other
54_88,Ni,-65.4735433384776,15655,54,88,Py,Other,Py-Other
54_89,Ni,-62.4306799396873,15656,54,89,Py,Other,Py-Other
54_90,Ni,-55.8462925851345,15657,54,90,Py,Other,Py-Other
55_67,Ni,-54.6980944536626,15670,55,67,Py,Other,Py-Other
55_68,Ni,-58.2565,15671,55,68,Py,Other,Py-Other
55_69,Ni,-61.6,15672,55,69,Py,Other,Py-Other
55_70,Ni,-61.4207013174891,15673,55,70,Py,Other,Py-Other
55_71,Ni,-44.602889418602,15674,55,71,Py,Other,Py-Other
55_79,Ni,-59.8190892487764,15682,55,79,Py,Other,Py-Other
55_80,Ni,-60.2098815403879,15683,55,80,Py,Other,Py-Other
55_85,Ni,-69.498675018549,15688,55,85,Py,Other,Py-Other
55_86,Ni,-72.3081305101514,15689,55,86,Py,Other,Py-Other
55_87,Ni,-63.3665795810521,15690,55,87,Py,Other,Py-Other
55_88,Ni,-65.7492288127542,15691,55,88,Py,Other,Py-Other
55_89,Ni,-66.2148830108345,15692,55,89,Py,Other,Py-Other
55_90,Ni,-60.4645081907511,15693,55,90,Py,Other,Py-Other
56_67,Ni,-56.0588156022131,15705,56,67,Py,Other,Py-Other
56_68,Ni,-46.9129,15706,56,68,Py,Other,Py-Other
56_69,Ni,-63.9796509742737,15707,56,69,Py,Other,Py-Other
56_70,Ni,-61.8344504870474,15708,56,70,Py,Other,Py-Other
56_71,Ni,-45.3370515033603,15709,56,71,Py,Other,Py-Other
56_79,Ni,-62.1776741221547,15717,56,79,Py,Other,Py-Other
56_80,Ni,-60.6152988001704,15718,56,80,Py,Other,Py-Other
56_85,Ni,-71.0946163162589,15723,56,85,Py,Other,Py-Other
56_86,Ni,-69.0715721175075,15724,56,86,Py,Other,Py-Other
56_87,Ni,-67.3925601989031,15725,56,87,Py,Other,Py-Other
56_88,Ni,-65.8247293047607,15726,56,88,Py,Other,Py-Other
56_89,Ni,-62.6557734832168,15727,56,89,Py,Other,Py-Other
56_90,Ni,-58.2877901792526,15728,56,90,Py,Other,Py-Other
57_67,Ni,-59.7346506454051,15739,57,67,Py,Other,Py-Other
57_68,Ni,-55.3974421806633,15740,57,68,Py,Other,Py-Other
57_69,Ni,-55.553296726197,15741,57,69,Py,Other,Py-Other
57_70,Ni,-59.6367333717644,15742,57,70,Py,Other,Py-Other
57_71,Ni,-46.44200412184,15743,57,71,Py,Other,Py-Other
57_79,Ni,-61.1937232911587,15751,57,79,Py,Other,Py-Other
57_80,Ni,-62.569935400039,15752,57,80,Py,Other,Py-Other
57_85,Ni,-69.4996539466083,15757,57,85,Py,Other,Py-Other
57_86,Ni,-74.9115840643644,15758,57,86,Py,Other,Py-Other
57_87,Ni,-70.9920166395605,15759,57,87,Py,Other,Py-Other
57_88,Ni,-69.6087524630129,15760,57,88,Py,Other,Py-Other
57_89,Ni,-63.848693292588,15761,57,89,Py,Other,Py-Other
57_90,Ni,-53.3889006748796,15762,57,90,Py,Other,Py-Other
58_67,Ni,-60.1158213280141,15772,58,67,Py,Other,Py-Other
58_68,Ni,-60.94,15773,58,68,Py,Other,Py-Other
58_69,Ni,-64.5558381006122,15774,58,69,Py,Other,Py-Other
58_70,Ni,-62.9474853351712,15775,58,70,Py,Other,Py-Other
58_71,Ni,-46.11,15776,58,71,Py,Other,Py-Other
58_79,Ni,-66.2322321981192,15784,58,79,Py,Other,Py-Other
58_80,Ni,-63.7603235132992,15785,58,80,Py,Other,Py-Other
58_85,Ni,-73.2880778498948,15790,58,85,Py,Other,Py-Other
58_86,Ni,-74.5359382741153,15791,58,86,Py,Other,Py-Other
58_87,Ni,-66.7706513851881,15792,58,87,Py,Other,Py-Other
58_88,Ni,-70.1672005057335,15793,58,88,Py,Other,Py-Other
58_89,Ni,-67.1437576264143,15794,58,89,Py,Other,Py-Other
58_90,Ni,-60.716604873538,15795,58,90,Py,Other,Py-Other
59_67,Ni,-60.4954637177289,15804,59,67,Py,Other,Py-Other
59_68,Ni,-58.7035262584686,15805,59,68,Py,Other,Py-Other
59_69,Ni,-69.03,15806,59,69,Py,Other,Py-Other
59_70,Ni,-63.0355198569596,15807,59,70,Py,Other,Py-Other
59_71,Ni,-45.6507427319884,15808,59,71,Py,Other,Py-Other
59_79,Ni,-65.1502923965454,15816,59,79,Py,Other,Py-Other
59_80,Ni,-63.3468579798937,15817,59,80,Py,Other,Py-Other
59_85,Ni,-66.1451825648546,15822,59,85,Py,Other,Py-Other
59_86,Ni,-76.299344651401,15823,59,86,Py,Other,Py-Other
59_87,Ni,-66.1606228239834,15824,59,87,Py,Other,Py-Other
59_88,Ni,-71.6769610792399,15825,59,88,Py,Other,Py-Other
59_89,Ni,-68.3705129027367,15826,59,89,Py,Other,Py-Other
59_90,Ni,-59.4320384040475,15827,59,90,Py,Other,Py-Other
60_67,Ni,-57.7009793817997,15921,60,67,Py,Other,Py-Other
60_68,Ni,-59.0188244432211,15922,60,68,Py,Other,Py-Other
60_69,Ni,-60.1360063366592,15923,60,69,Py,Other,Py-Other
60_70,Ni,-59.9404293969274,15924,60,70,Py,Other,Py-Other
60_71,Ni,-47.5692334063351,15925,60,71,Py,Other,Py-Other
60_79,Ni,-60.4345257729292,15933,60,79,Py,Other,Py-Other
60_80,Ni,-57.4201602078974,15934,60,80,Py,Other,Py-Other
60_85,Ni,-70.6823202334344,15939,60,85,Py,Other,Py-Other
60_86,Ni,-72.5917075350881,15940,60,86,Py,Other,Py-Other
60_87,Ni,-66.5504524745047,15941,60,87,Py,Other,Py-Other
60_88,Ni,-66.5154128484428,15942,60,88,Py,Other,Py-Other
60_89,Ni,-69.7934205234051,15943,60,89,Py,Other,Py-Other
60_90,Ni,-58.8716284222901,15944,60,90,Py,Other,Py-Other
61_67,Ni,-57.8929390013218,15951,61,67,Py,Other,Py-Other
61_68,Ni,-62.14,15952,61,68,Py,Other,Py-Other
61_69,Ni,-63.03,15953,61,69,Py,Other,Py-Other
61_70,Ni,-62.3916536346078,15954,61,70,Py,Other,Py-Other
61_71,Ni,-47.09,15955,61,71,Py,Other,Py-Other
61_79,Ni,-60.0897575430572,15963,61,79,Py,Other,Py-Other
61_80,Ni,-62.9187510348856,15964,61,80,Py,Other,Py-Other
61_85,Ni,-67.7296711578965,15969,61,85,Py,Other,Py-Other
61_86,Ni,-74.8350991420448,15970,61,86,Py,Other,Py-Other
61_87,Ni,-66.9150467962027,15971,61,87,Py,Other,Py-Other
61_88,Ni,-65.8070576153696,15972,61,88,Py,Other,Py-Other
61_89,Ni,-68.9490587301552,15973,61,89,Py,Other,Py-Other
61_90,Ni,-63.4834547862411,15974,61,90,Py,Other,Py-Other
62_67,Ni,-58.5635111294687,15980,62,67,Py,Other,Py-Other
62_68,Ni,-58.0841112099588,15981,62,68,Py,Other,Py-Other
62_69,Ni,-71.61,15982,62,69,Py,Other,Py-Other
62_70,Ni,-60.2351341024041,15983,62,70,Py,Other,Py-Other
62_71,Ni,-45.4398743994534,15984,62,71,Py,Other,Py-Other
62_79,Ni,-59.3519906774163,15992,62,79,Py,Other,Py-Other
62_80,Ni,-63.8871828168631,15993,62,80,Py,Other,Py-Other
62_85,Ni,-69.3459981009364,15998,62,85,Py,Other,Py-Other
62_86,Ni,-75.4856391586363,15999,62,86,Py,Other,Py-Other
62_87,Ni,-69.1824664510787,16000,62,87,Py,Other,Py-Other
62_88,Ni,-68.4460125938058,16001,62,88,Py,Other,Py-Other
62_89,Ni,-66.408254981041,16002,62,89,Py,Other,Py-Other
62_90,Ni,-59.6753798648715,16003,62,90,Py,Other,Py-Other
63_67,Ni,-61.0370638854802,16008,63,67,Py,Other,Py-Other
63_68,Ni,-58.6981147415936,16009,63,68,Py,Other,Py-Other
63_69,Ni,-74.21,16010,63,69,Py,Other,Py-Other
63_70,Ni,-64.7137394398451,16011,63,70,Py,Other,Py-Other
63_71,Ni,-43.6416293345392,16012,63,71,Py,Other,Py-Other
63_79,Ni,-65.7918875515461,16020,63,79,Py,Other,Py-Other
63_80,Ni,-65.6636110320687,16021,63,80,Py,Other,Py-Other
63_85,Ni,-72.8562782332301,16026,63,85,Py,Other,Py-Other
63_86,Ni,-78.5508778244257,16027,63,86,Py,Other,Py-Other
63_87,Ni,-68.6572038605809,16028,63,87,Py,Other,Py-Other
63_88,Ni,-71.7667268663645,16029,63,88,Py,Other,Py-Other
63_89,Ni,-76.019755743444,16030,63,89,Py,Other,Py-Other
63_90,Ni,-65.8583246693015,16031,63,90,Py,Other,Py-Other
64_67,Ni,-59.584876164794,16035,64,67,Py,Other,Py-Other
64_68,Ni,-58.221133582294,16036,64,68,Py,Other,Py-Other
64_69,Ni,-55.6063540279865,16037,64,69,Py,Other,Py-Other
64_70,Ni,-60.3845515400171,16038,64,70,Py,Other,Py-Other
64_71,Ni,-47.2225121408701,16039,64,71,Py,Other,Py-Other
64_79,Ni,-60.2308008559048,16047,64,79,Py,Other,Py-Other
64_80,Ni,-60.2885674498975,16048,64,80,Py,Other,Py-Other
64_85,Ni,-69.4574711024761,16053,64,85,Py,Other,Py-Other
64_86,Ni,-71.3632767908275,16054,64,86,Py,Other,Py-Other
64_87,Ni,-69.485198635608,16055,64,87,Py,Other,Py-Other
64_88,Ni,-68.0239400677383,16056,64,88,Py,Other,Py-Other
64_89,Ni,-64.6945327781141,16057,64,89,Py,Other,Py-Other
64_90,Ni,-53.5915766991675,16058,64,90,Py,Other,Py-Other
65_67,Ni,-59.4567619673908,16061,65,67,Py,Other,Py-Other
65_68,Ni,-58.4398081153631,16062,65,68,Py,Other,Py-Other
65_69,Ni,-57.5023540146649,16063,65,69,Py,Other,Py-Other
65_70,Ni,-61.4224158748984,16064,65,70,Py,Other,Py-Other
65_71,Ni,-48.6292823031545,16065,65,71,Py,Other,Py-Other
65_79,Ni,-63.6612045504153,16073,65,79,Py,Other,Py-Other
65_80,Ni,-63.1761780828238,16074,65,80,Py,Other,Py-Other
65_85,Ni,-69.447802066803,16079,65,85,Py,Other,Py-Other
65_86,Ni,-71.3927776478231,16080,65,86,Py,Other,Py-Other
65_87,Ni,-70.8003459945321,16081,65,87,Py,Other,Py-Other
65_88,Ni,-68.9439589045942,16082,65,88,Py,Other,Py-Other
65_89,Ni,-67.7331585623324,16083,65,89,Py,Other,Py-Other
65_90,Ni,-56.6507235392928,16084,65,90,Py,Other,Py-Other
66_67,Ni,-49.1368783973157,16086,66,67,Py,Other,Py-Other
66_68,Ni,-54.6956614628434,16087,66,68,Py,Other,Py-Other
66_69,Ni,-50.6841594278812,16088,66,69,Py,Other,Py-Other
66_70,Ni,-60.0729181207717,16089,66,70,Py,Other,Py-Other
66_71,Ni,-45.2336053848267,16090,66,71,Py,Other,Py-Other
66_79,Ni,-52.7206278853118,16098,66,79,Py,Other,Py-Other
66_80,Ni,-52.8076937384903,16099,66,80,Py,Other,Py-Other
66_85,Ni,-64.835893008858,16104,66,85,Py,Other,Py-Other
66_86,Ni,-66.4577906355262,16105,66,86,Py,Other,Py-Other
66_87,Ni,-64.0926849208772,16106,66,87,Py,Other,Py-Other
66_88,Ni,-57.5931941270828,16107,66,88,Py,Other,Py-Other
66_89,Ni,-63.2279432304204,16108,66,89,Py,Other,Py-Other
66_90,Ni,-49.5692460946739,16109,66,90,Py,Other,Py-Other
50_67,Pd,-40.67,19666,50,67,Py,Other,Py-Other
50_68,Pd,-37.75,19667,50,68,Py,Other,Py-Other
50_69,Pd,-39.07,19668,50,69,Py,Other,Py-Other
50_70,Pd,-36.7412184178829,19669,50,70,Py,Other,Py-Other
50_71,Pd,-17.66,19670,50,71,Py,Other,Py-Other
50_79,Pd,-32.4988377429545,19678,50,79,Py,Other,Py-Other
50_80,Pd,-37.3384816795588,19679,50,80,Py,Other,Py-Other
50_85,Pd,-47.4178903326392,19684,50,85,Py,Other,Py-Other
50_86,Pd,-51.8084894493222,19685,50,86,Py,Other,Py-Other
50_87,Pd,-45.2615944705904,19686,50,87,Py,Other,Py-Other
50_88,Pd,-39.2587621323764,19687,50,88,Py,Other,Py-Other
50_89,Pd,-42.1320371329784,19688,50,89,Py,Other,Py-Other
50_90,Pd,-31.8828399479389,19689,50,90,Py,Other,Py-Other
51_67,Pd,-32.6357478424907,19706,51,67,Py,Other,Py-Other
51_68,Pd,-37.48,19707,51,68,Py,Other,Py-Other
51_69,Pd,-38.86,19708,51,69,Py,Other,Py-Other
51_70,Pd,-42.42,19709,51,70,Py,Other,Py-Other
51_71,Pd,-16.39,19710,51,71,Py,Other,Py-Other
51_79,Pd,-36.5757760629058,19718,51,79,Py,Other,Py-Other
51_80,Pd,-38.7447277605534,19719,51,80,Py,Other,Py-Other
51_85,Pd,-45.738610368222,19724,51,85,Py,Other,Py-Other
51_86,Pd,-48.9969551041722,19725,51,86,Py,Other,Py-Other
51_87,Pd,-44.9935774840415,19726,51,87,Py,Other,Py-Other
51_88,Pd,-42.4825909025967,19727,51,88,Py,Other,Py-Other
51_89,Pd,-41.2793739624322,19728,51,89,Py,Other,Py-Other
51_90,Pd,-34.1175618618727,19729,51,90,Py,Other,Py-Other
52_67,Pd,-37.42,19745,52,67,Py,Other,Py-Other
52_68,Pd,-36.99,19746,52,68,Py,Other,Py-Other
52_69,Pd,-37.89,19747,52,69,Py,Other,Py-Other
52_70,Pd,-43.06,19748,52,70,Py,Other,Py-Other
52_71,Pd,-17.22,19749,52,71,Py,Other,Py-Other
52_79,Pd,-35.0801548957825,19757,52,79,Py,Other,Py-Other
52_80,Pd,-39.8304229043424,19758,52,80,Py,Other,Py-Other
52_85,Pd,-45.7659243047237,19763,52,85,Py,Other,Py-Other
52_86,Pd,-47.3639431372285,19764,52,86,Py,Other,Py-Other
52_87,Pd,-43.4205984026194,19765,52,87,Py,Other,Py-Other
52_88,Pd,-42.1184604018927,19766,52,88,Py,Other,Py-Other
52_89,Pd,-40.4780851751566,19767,52,89,Py,Other,Py-Other
52_90,Pd,-32.4927705042064,19768,52,90,Py,Other,Py-Other
53_67,Pd,-37.8,19783,53,67,Py,Other,Py-Other
53_68,Pd,-37.68,19784,53,68,Py,Other,Py-Other
53_69,Pd,-38.26,19785,53,69,Py,Other,Py-Other
53_70,Pd,-44.08,19786,53,70,Py,Other,Py-Other
53_71,Pd,-17.64,19787,53,71,Py,Other,Py-Other
53_79,Pd,-36.0349585190415,19795,53,79,Py,Other,Py-Other
53_80,Pd,-40.6273229271173,19796,53,80,Py,Other,Py-Other
53_85,Pd,-46.1976789459586,19801,53,85,Py,Other,Py-Other
53_86,Pd,-49.558403160423,19802,53,86,Py,Other,Py-Other
53_87,Pd,-41.0142035186291,19803,53,87,Py,Other,Py-Other
53_88,Pd,-42.677080988884,19804,53,88,Py,Other,Py-Other
53_89,Pd,-43.2023736871779,19805,53,89,Py,Other,Py-Other
53_90,Pd,-38.6862266361713,19806,53,90,Py,Other,Py-Other
54_67,Pd,-28.7755779549479,19820,54,67,Py,Other,Py-Other
54_68,Pd,-39.04,19821,54,68,Py,Other,Py-Other
54_69,Pd,-38.41,19822,54,69,Py,Other,Py-Other
54_70,Pd,-39.68,19823,54,70,Py,Other,Py-Other
54_71,Pd,-16.31,19824,54,71,Py,Other,Py-Other
54_79,Pd,-34.4642611518502,19832,54,79,Py,Other,Py-Other
54_80,Pd,-33.6762969382107,19833,54,80,Py,Other,Py-Other
54_85,Pd,-44.0196875333786,19838,54,85,Py,Other,Py-Other
54_86,Pd,-47.8172270655632,19839,54,86,Py,Other,Py-Other
54_87,Pd,-44.0524850562215,19840,54,87,Py,Other,Py-Other
54_88,Pd,-42.7505305185914,19841,54,88,Py,Other,Py-Other
54_89,Pd,-41.7283985316753,19842,54,89,Py,Other,Py-Other
54_90,Pd,-30.5632978975773,19843,54,90,Py,Other,Py-Other
55_67,Pd,-37.4,19856,55,67,Py,Other,Py-Other
55_68,Pd,-36.31,19857,55,68,Py,Other,Py-Other
55_69,Pd,-38.05,19858,55,69,Py,Other,Py-Other
55_70,Pd,-39.15,19859,55,70,Py,Other,Py-Other
55_71,Pd,-17.32,19860,55,71,Py,Other,Py-Other
55_79,Pd,-35.6789864897728,19868,55,79,Py,Other,Py-Other
55_80,Pd,-38.0999177470803,19869,55,80,Py,Other,Py-Other
55_85,Pd,-46.0757967680693,19874,55,85,Py,Other,Py-Other
55_86,Pd,-49.3647879250348,19875,55,86,Py,Other,Py-Other
55_87,Pd,-44.2079636901617,19876,55,87,Py,Other,Py-Other
55_88,Pd,-40.3317302688956,19877,55,88,Py,Other,Py-Other
55_89,Pd,-41.3780955225229,19878,55,89,Py,Other,Py-Other
55_90,Pd,-38.4914954304695,19879,55,90,Py,Other,Py-Other
56_67,Pd,-37.01,19891,56,67,Py,Other,Py-Other
56_68,Pd,-38.19,19892,56,68,Py,Other,Py-Other
56_69,Pd,-38.9,19893,56,69,Py,Other,Py-Other
56_70,Pd,-39.4,19894,56,70,Py,Other,Py-Other
56_71,Pd,-17.75,19895,56,71,Py,Other,Py-Other
56_79,Pd,-37.7990227453411,19903,56,79,Py,Other,Py-Other
56_80,Pd,-39.3389215841889,19904,56,80,Py,Other,Py-Other
56_85,Pd,-46.2798610664904,19909,56,85,Py,Other,Py-Other
56_86,Pd,-45.3735013008118,19910,56,86,Py,Other,Py-Other
56_87,Pd,-42.8712533377111,19911,56,87,Py,Other,Py-Other
56_88,Pd,-40.6538756676018,19912,56,88,Py,Other,Py-Other
56_89,Pd,-39.9427121020854,19913,56,89,Py,Other,Py-Other
56_90,Pd,-34.9491417743266,19914,56,90,Py,Other,Py-Other
57_67,Pd,-43.62,19925,57,67,Py,Other,Py-Other
57_68,Pd,-39.4,19926,57,68,Py,Other,Py-Other
57_69,Pd,-41.19,19927,57,69,Py,Other,Py-Other
57_70,Pd,-41.71,19928,57,70,Py,Other,Py-Other
57_71,Pd,-18.15,19929,57,71,Py,Other,Py-Other
57_79,Pd,-37.7869540601969,19937,57,79,Py,Other,Py-Other
57_80,Pd,-42.2860723398626,19938,57,80,Py,Other,Py-Other
57_85,Pd,-45.8229807987809,19943,57,85,Py,Other,Py-Other
57_86,Pd,-51.5716367214918,19944,57,86,Py,Other,Py-Other
57_87,Pd,-46.5589193254709,19945,57,87,Py,Other,Py-Other
57_88,Pd,-47.5617973171175,19946,57,88,Py,Other,Py-Other
57_89,Pd,-41.440692126751,19947,57,89,Py,Other,Py-Other
57_90,Pd,-30.5715065859258,19948,57,90,Py,Other,Py-Other
58_67,Pd,-43.29,19958,58,67,Py,Other,Py-Other
58_68,Pd,-38.5,19959,58,68,Py,Other,Py-Other
58_69,Pd,-39.15,19960,58,69,Py,Other,Py-Other
58_70,Pd,-40.02,19961,58,70,Py,Other,Py-Other
58_71,Pd,-17.61,19962,58,71,Py,Other,Py-Other
58_79,Pd,-40.4953781440854,19970,58,79,Py,Other,Py-Other
58_80,Pd,-41.9679859317839,19971,58,80,Py,Other,Py-Other
58_85,Pd,-49.9518964998424,19976,58,85,Py,Other,Py-Other
58_86,Pd,-49.3159009851515,19977,58,86,Py,Other,Py-Other
58_87,Pd,-46.7791496738792,19978,58,87,Py,Other,Py-Other
58_88,Pd,-44.4388183951378,19979,58,88,Py,Other,Py-Other
58_89,Pd,-43.2028913572431,19980,58,89,Py,Other,Py-Other
58_90,Pd,-35.7120034210384,19981,58,90,Py,Other,Py-Other
59_67,Pd,-42.79,19990,59,67,Py,Other,Py-Other
59_68,Pd,-38.94,19991,59,68,Py,Other,Py-Other
59_69,Pd,-39.7,19992,59,69,Py,Other,Py-Other
59_70,Pd,-40.63,19993,59,70,Py,Other,Py-Other
59_71,Pd,-17.92,19994,59,71,Py,Other,Py-Other
59_79,Pd,-40.1040474846959,20002,59,79,Py,Other,Py-Other
59_80,Pd,-41.2548719570041,20003,59,80,Py,Other,Py-Other
59_85,Pd,-43.6005771234632,20008,59,85,Py,Other,Py-Other
59_86,Pd,-53.3792402595282,20009,59,86,Py,Other,Py-Other
59_87,Pd,-46.8277077116072,20010,59,87,Py,Other,Py-Other
59_88,Pd,-45.6770157553256,20011,59,88,Py,Other,Py-Other
59_89,Pd,-43.2592105455697,20012,59,89,Py,Other,Py-Other
59_90,Pd,-35.3851188719273,20013,59,90,Py,Other,Py-Other
60_67,Pd,-37.91,20107,60,67,Py,Other,Py-Other
60_68,Pd,-39.59,20108,60,68,Py,Other,Py-Other
60_69,Pd,-41.59,20109,60,69,Py,Other,Py-Other
60_70,Pd,-40.68,20110,60,70,Py,Other,Py-Other
60_71,Pd,-15.96,20111,60,71,Py,Other,Py-Other
60_79,Pd,-36.7998456135392,20119,60,79,Py,Other,Py-Other
60_80,Pd,-37.4127742499113,20120,60,80,Py,Other,Py-Other
60_85,Pd,-46.378688134253,20125,60,85,Py,Other,Py-Other
60_86,Pd,-49.2915789932013,20126,60,86,Py,Other,Py-Other
60_87,Pd,-44.2609186135232,20127,60,87,Py,Other,Py-Other
60_88,Pd,-43.5037901997566,20128,60,88,Py,Other,Py-Other
60_89,Pd,-45.083723820746,20129,60,89,Py,Other,Py-Other
60_90,Pd,-34.0515525713563,20130,60,90,Py,Other,Py-Other
61_67,Pd,-38.84,20137,61,67,Py,Other,Py-Other
61_68,Pd,-38.71,20138,61,68,Py,Other,Py-Other
61_69,Pd,-38.96,20139,61,69,Py,Other,Py-Other
61_70,Pd,-39.56,20140,61,70,Py,Other,Py-Other
61_71,Pd,-18.66,20141,61,71,Py,Other,Py-Other
61_79,Pd,-35.0284346044064,20149,61,79,Py,Other,Py-Other
61_80,Pd,-41.3299669399858,20150,61,80,Py,Other,Py-Other
61_85,Pd,-43.9227324388921,20155,61,85,Py,Other,Py-Other
61_86,Pd,-53.506745044142,20156,61,86,Py,Other,Py-Other
61_87,Pd,-47.1405638046563,20157,61,87,Py,Other,Py-Other
61_88,Pd,-40.6874171234667,20158,61,88,Py,Other,Py-Other
61_89,Pd,-45.0440478511155,20159,61,89,Py,Other,Py-Other
61_90,Pd,-40.4376096650958,20160,61,90,Py,Other,Py-Other
62_67,Pd,-37.16,20166,62,67,Py,Other,Py-Other
62_68,Pd,-39.08,20167,62,68,Py,Other,Py-Other
62_69,Pd,-40.25,20168,62,69,Py,Other,Py-Other
62_70,Pd,-40.56,20169,62,70,Py,Other,Py-Other
62_71,Pd,-18.24,20170,62,71,Py,Other,Py-Other
62_79,Pd,-35.9913254901767,20178,62,79,Py,Other,Py-Other
62_80,Pd,-42.8350898325443,20179,62,80,Py,Other,Py-Other
62_85,Pd,-46.6554535627365,20184,62,85,Py,Other,Py-Other
62_86,Pd,-51.9683771207929,20185,62,86,Py,Other,Py-Other
62_87,Pd,-43.6289076544344,20186,62,87,Py,Other,Py-Other
62_88,Pd,-43.5416316464543,20187,62,88,Py,Other,Py-Other
62_89,Pd,-42.3588275462389,20188,62,89,Py,Other,Py-Other
62_90,Pd,-36.2261076644063,20189,62,90,Py,Other,Py-Other
63_67,Pd,-46.41,20194,63,67,Py,Other,Py-Other
63_68,Pd,-40.88,20195,63,68,Py,Other,Py-Other
63_69,Pd,-41.49,20196,63,69,Py,Other,Py-Other
63_70,Pd,-43.33,20197,63,70,Py,Other,Py-Other
63_71,Pd,-18.68,20198,63,71,Py,Other,Py-Other
63_79,Pd,-41.1042118147016,20206,63,79,Py,Other,Py-Other
63_80,Pd,-46.1235673353076,20207,63,80,Py,Other,Py-Other
63_85,Pd,-47.1631811000407,20212,63,85,Py,Other,Py-Other
63_86,Pd,-54.9938012175262,20213,63,86,Py,Other,Py-Other
63_87,Pd,-45.1492619886994,20214,63,87,Py,Other,Py-Other
63_88,Pd,-47.3031949624419,20215,63,88,Py,Other,Py-Other
63_89,Pd,-53.0370205715299,20216,63,89,Py,Other,Py-Other
63_90,Pd,-41.8903659842908,20217,63,90,Py,Other,Py-Other
64_67,Pd,-39.87,20221,64,67,Py,Other,Py-Other
64_68,Pd,-42.24,20222,64,68,Py,Other,Py-Other
64_69,Pd,-42.25,20223,64,69,Py,Other,Py-Other
64_70,Pd,-44.19,20224,64,70,Py,Other,Py-Other
64_71,Pd,-19.24,20225,64,71,Py,Other,Py-Other
64_79,Pd,-36.9099438153207,20233,64,79,Py,Other,Py-Other
64_80,Pd,-39.0367768444121,20234,64,80,Py,Other,Py-Other
64_85,Pd,-46.8670562170446,20239,64,85,Py,Other,Py-Other
64_86,Pd,-50.3635270483792,20240,64,86,Py,Other,Py-Other
64_87,Pd,-46.538825981319,20241,64,87,Py,Other,Py-Other
64_88,Pd,-45.9520776867867,20242,64,88,Py,Other,Py-Other
64_89,Pd,-40.5170710906386,20243,64,89,Py,Other,Py-Other
64_90,Pd,-32.1628751270473,20244,64,90,Py,Other,Py-Other
65_67,Pd,-40.39,20247,65,67,Py,Other,Py-Other
65_68,Pd,-42.07,20248,65,68,Py,Other,Py-Other
65_69,Pd,-43.7,20249,65,69,Py,Other,Py-Other
65_70,Pd,-44.27,20250,65,70,Py,Other,Py-Other
65_71,Pd,-19.5,20251,65,71,Py,Other,Py-Other
65_79,Pd,-39.9473313950002,20259,65,79,Py,Other,Py-Other
65_80,Pd,-41.3495142571628,20260,65,80,Py,Other,Py-Other
65_85,Pd,-47.9000901952386,20265,65,85,Py,Other,Py-Other
65_86,Pd,-49.4751248247921,20266,65,86,Py,Other,Py-Other
65_87,Pd,-46.7169534564018,20267,65,87,Py,Other,Py-Other
65_88,Pd,-46.5025604106486,20268,65,88,Py,Other,Py-Other
65_89,Pd,-44.1046494841576,20269,65,89,Py,Other,Py-Other
65_90,Pd,-33.2029806300998,20270,65,90,Py,Other,Py-Other
66_67,Pd,-30.81,20272,66,67,Py,Other,Py-Other
66_68,Pd,-35.86,20273,66,68,Py,Other,Py-Other
66_69,Pd,-36.21,20274,66,69,Py,Other,Py-Other
66_70,Pd,-36.48,20275,66,70,Py,Other,Py-Other
66_71,Pd,-14.21,20276,66,71,Py,Other,Py-Other
66_79,Pd,-30.0248538255692,20284,66,79,Py,Other,Py-Other
66_80,Pd,-30.8618711642921,20285,66,80,Py,Other,Py-Other
66_85,Pd,-43.4030138291419,20290,66,85,Py,Other,Py-Other
66_86,Pd,-46.289636913687,20291,66,86,Py,Other,Py-Other
66_87,Pd,-43.4282139018178,20292,66,87,Py,Other,Py-Other
66_88,Pd,-35.1213270574808,20293,66,88,Py,Other,Py-Other
66_89,Pd,-40.8182600140572,20294,66,89,Py,Other,Py-Other
66_90,Pd,-27.1216149926186,20295,66,90,Py,Other,Py-Other
50_67,Pt,-46.0135602019727,23852,50,67,Py,Other,Py-Other
50_68,Pt,-48.45,23853,50,68,Py,Other,Py-Other
50_69,Pt,-49.67,23854,50,69,Py,Other,Py-Other
50_70,Pt,-49.2353534735739,23855,50,70,Py,Other,Py-Other
50_71,Pt,-29.6,23856,50,71,Py,Other,Py-Other
50_79,Pt,-42.261539414525,23864,50,79,Py,Other,Py-Other
50_80,Pt,-46.7529371008277,23865,50,80,Py,Other,Py-Other
50_85,Pt,-56.7869677618146,23870,50,85,Py,Other,Py-Other
50_86,Pt,-60.7774950228631,23871,50,86,Py,Other,Py-Other
50_87,Pt,-56.2554168850184,23872,50,87,Py,Other,Py-Other
50_88,Pt,-48.2054335325956,23873,50,88,Py,Other,Py-Other
50_89,Pt,-52.0147931948304,23874,50,89,Py,Other,Py-Other
50_90,Pt,-41.6108702942729,23875,50,90,Py,Other,Py-Other
51_67,Pt,-38.4642412513494,23892,51,67,Py,Other,Py-Other
51_68,Pt,-43.9082117937505,23893,51,68,Py,Other,Py-Other
51_69,Pt,-45.5119485370815,23894,51,69,Py,Other,Py-Other
51_70,Pt,-49.9812771119177,23895,51,70,Py,Other,Py-Other
51_71,Pt,-28.4952,23896,51,71,Py,Other,Py-Other
51_79,Pt,-45.8508732877672,23904,51,79,Py,Other,Py-Other
51_80,Pt,-44.8318089731038,23905,51,80,Py,Other,Py-Other
51_85,Pt,-50.8507231958211,23910,51,85,Py,Other,Py-Other
51_86,Pt,-58.2575388774276,23911,51,86,Py,Other,Py-Other
51_87,Pt,-49.4044408202171,23912,51,87,Py,Other,Py-Other
51_88,Pt,-52.3449134379625,23913,51,88,Py,Other,Py-Other
51_89,Pt,-50.2566208653152,23914,51,89,Py,Other,Py-Other
51_90,Pt,-43.2276192456484,23915,51,90,Py,Other,Py-Other
52_67,Pt,-43.9469099231064,23931,52,67,Py,Other,Py-Other
52_68,Pt,-45.3730291090906,23932,52,68,Py,Other,Py-Other
52_69,Pt,-48.52,23933,52,69,Py,Other,Py-Other
52_70,Pt,-50.2505290135741,23934,52,70,Py,Other,Py-Other
52_71,Pt,-28.3468440584838,23935,52,71,Py,Other,Py-Other
52_79,Pt,-43.844220712781,23943,52,79,Py,Other,Py-Other
52_80,Pt,-49.4928527846932,23944,52,80,Py,Other,Py-Other
52_85,Pt,-54.4273249283433,23949,52,85,Py,Other,Py-Other
52_86,Pt,-57.60513022542,23950,52,86,Py,Other,Py-Other
52_87,Pt,-47.844215169549,23951,52,87,Py,Other,Py-Other
52_88,Pt,-52.1452611722052,23952,52,88,Py,Other,Py-Other
52_89,Pt,-52.7458250820637,23953,52,89,Py,Other,Py-Other
52_90,Pt,-43.8192858919501,23954,52,90,Py,Other,Py-Other
53_67,Pt,-44.1655973345041,23969,53,67,Py,Other,Py-Other
53_68,Pt,-45.5115933269262,23970,53,68,Py,Other,Py-Other
53_69,Pt,-48.83,23971,53,69,Py,Other,Py-Other
53_70,Pt,-49.4599115401506,23972,53,70,Py,Other,Py-Other
53_71,Pt,-28.9025233611464,23973,53,71,Py,Other,Py-Other
53_79,Pt,-43.839906860143,23981,53,79,Py,Other,Py-Other
53_80,Pt,-50.4216035716236,23982,53,80,Py,Other,Py-Other
53_85,Pt,-54.5455082394183,23987,53,85,Py,Other,Py-Other
53_86,Pt,-57.1873125433922,23988,53,86,Py,Other,Py-Other
53_87,Pt,-52.6449877731502,23989,53,87,Py,Other,Py-Other
53_88,Pt,-52.9724183790386,23990,53,88,Py,Other,Py-Other
53_89,Pt,-54.8023074269295,23991,53,89,Py,Other,Py-Other
53_90,Pt,-47.4413744024932,23992,53,90,Py,Other,Py-Other
54_67,Pt,-34.4164228364825,24006,54,67,Py,Other,Py-Other
54_68,Pt,-46.1600220836699,24007,54,68,Py,Other,Py-Other
54_69,Pt,-45.2378149479628,24008,54,69,Py,Other,Py-Other
54_70,Pt,-49.4104443155229,24009,54,70,Py,Other,Py-Other
54_71,Pt,-28.4068,24010,54,71,Py,Other,Py-Other
54_79,Pt,-44.0184646397829,24018,54,79,Py,Other,Py-Other
54_80,Pt,-40.4102029129863,24019,54,80,Py,Other,Py-Other
54_85,Pt,-50.8079168051481,24024,54,85,Py,Other,Py-Other
54_86,Pt,-56.0940950624645,24025,54,86,Py,Other,Py-Other
54_87,Pt,-49.970742918551,24026,54,87,Py,Other,Py-Other
54_88,Pt,-52.5843264199793,24027,54,88,Py,Other,Py-Other
54_89,Pt,-49.4405320733786,24028,54,89,Py,Other,Py-Other
54_90,Pt,-38.7470611520112,24029,54,90,Py,Other,Py-Other
55_67,Pt,-46.48,24042,55,67,Py,Other,Py-Other
55_68,Pt,-45.434506431222,24043,55,68,Py,Other,Py-Other
55_69,Pt,-48.76,24044,55,69,Py,Other,Py-Other
55_70,Pt,-48.4040674939752,24045,55,70,Py,Other,Py-Other
55_71,Pt,-29.0207,24046,55,71,Py,Other,Py-Other
55_79,Pt,-44.4465701207519,24054,55,79,Py,Other,Py-Other
55_80,Pt,-46.6188638396561,24055,55,80,Py,Other,Py-Other
55_85,Pt,-53.8973476625979,24060,55,85,Py,Other,Py-Other
55_86,Pt,-58.5198463611305,24061,55,86,Py,Other,Py-Other
55_87,Pt,-45.7380540966988,24062,55,87,Py,Other,Py-Other
55_88,Pt,-50.7416722886264,24063,55,88,Py,Other,Py-Other
55_89,Pt,-53.86233741045,24064,55,89,Py,Other,Py-Other
55_90,Pt,-46.9080021344125,24065,55,90,Py,Other,Py-Other
56_67,Pt,-46.82,24077,56,67,Py,Other,Py-Other
56_68,Pt,-46.266244661063,24078,56,68,Py,Other,Py-Other
56_69,Pt,-48.4090402051807,24079,56,69,Py,Other,Py-Other
56_70,Pt,-49.6768168844283,24080,56,70,Py,Other,Py-Other
56_71,Pt,-29.3794,24081,56,71,Py,Other,Py-Other
56_79,Pt,-46.3261390402913,24089,56,79,Py,Other,Py-Other
56_80,Pt,-47.7235419973731,24090,56,80,Py,Other,Py-Other
56_85,Pt,-55.0346083976328,24095,56,85,Py,Other,Py-Other
56_86,Pt,-54.6404888033867,24096,56,86,Py,Other,Py-Other
56_87,Pt,-52.6647996790707,24097,56,87,Py,Other,Py-Other
56_88,Pt,-50.6742524914444,24098,56,88,Py,Other,Py-Other
56_89,Pt,-51.1826684437692,24099,56,89,Py,Other,Py-Other
56_90,Pt,-44.4027509242296,24100,56,90,Py,Other,Py-Other
57_67,Pt,-45.0616223067045,24111,57,67,Py,Other,Py-Other
57_68,Pt,-44.8674836307764,24112,57,68,Py,Other,Py-Other
57_69,Pt,-47.9281283728778,24113,57,69,Py,Other,Py-Other
57_70,Pt,-49.5475291162729,24114,57,70,Py,Other,Py-Other
57_71,Pt,-29.5225,24115,57,71,Py,Other,Py-Other
57_79,Pt,-47.1647391840816,24123,57,79,Py,Other,Py-Other
57_80,Pt,-48.7404563911259,24124,57,80,Py,Other,Py-Other
57_85,Pt,-52.7658969908953,24129,57,85,Py,Other,Py-Other
57_86,Pt,-61.1472578346729,24130,57,86,Py,Other,Py-Other
57_87,Pt,-56.0384509265423,24131,57,87,Py,Other,Py-Other
57_88,Pt,-55.0693039037287,24132,57,88,Py,Other,Py-Other
57_89,Pt,-49.5046722590923,24133,57,89,Py,Other,Py-Other
57_90,Pt,-40.0602760091424,24134,57,90,Py,Other,Py-Other
58_67,Pt,-47.4859966151416,24144,58,67,Py,Other,Py-Other
58_68,Pt,-49.54,24145,58,68,Py,Other,Py-Other
58_69,Pt,-49.79,24146,58,69,Py,Other,Py-Other
58_70,Pt,-45.2381385453045,24147,58,70,Py,Other,Py-Other
58_71,Pt,-29.71,24148,58,71,Py,Other,Py-Other
58_79,Pt,-47.9354576915503,24156,58,79,Py,Other,Py-Other
58_80,Pt,-51.1158973164856,24157,58,80,Py,Other,Py-Other
58_85,Pt,-59.3559514954686,24162,58,85,Py,Other,Py-Other
58_86,Pt,-59.8835280314088,24163,58,86,Py,Other,Py-Other
58_87,Pt,-50.3324176371098,24164,58,87,Py,Other,Py-Other
58_88,Pt,-55.0247729159892,24165,58,88,Py,Other,Py-Other
58_89,Pt,-53.4756930246949,24166,58,89,Py,Other,Py-Other
58_90,Pt,-47.3066915757954,24167,58,90,Py,Other,Py-Other
59_67,Pt,-48.33,24176,59,67,Py,Other,Py-Other
59_68,Pt,-47.9560565724969,24177,59,68,Py,Other,Py-Other
59_69,Pt,-50.6809404306114,24178,59,69,Py,Other,Py-Other
59_70,Pt,-47.9443004280329,24179,59,70,Py,Other,Py-Other
59_71,Pt,-28.8184978105128,24180,59,71,Py,Other,Py-Other
59_79,Pt,-47.4971241615713,24188,59,79,Py,Other,Py-Other
59_80,Pt,-50.9661232121289,24189,59,80,Py,Other,Py-Other
59_85,Pt,-51.9479958750308,24194,59,85,Py,Other,Py-Other
59_86,Pt,-61.7797430753708,24195,59,86,Py,Other,Py-Other
59_87,Pt,-52.9356972128153,24196,59,87,Py,Other,Py-Other
59_88,Pt,-56.1159000843763,24197,59,88,Py,Other,Py-Other
59_89,Pt,-54.2728505954146,24198,59,89,Py,Other,Py-Other
59_90,Pt,-46.8039500229061,24199,59,90,Py,Other,Py-Other
60_67,Pt,-42.3027069605887,24293,60,67,Py,Other,Py-Other
60_68,Pt,-42.880647264421,24294,60,68,Py,Other,Py-Other
60_69,Pt,-45.3584856390953,24295,60,69,Py,Other,Py-Other
60_70,Pt,-42.4992749914527,24296,60,70,Py,Other,Py-Other
60_71,Pt,-29.8751,24297,60,71,Py,Other,Py-Other
60_79,Pt,-46.3442488312721,24305,60,79,Py,Other,Py-Other
60_80,Pt,-42.7533327639103,24306,60,80,Py,Other,Py-Other
60_85,Pt,-52.8505664095283,24311,60,85,Py,Other,Py-Other
60_86,Pt,-58.5231900624931,24312,60,86,Py,Other,Py-Other
60_87,Pt,-52.2618150226772,24313,60,87,Py,Other,Py-Other
60_88,Pt,-52.4631403759122,24314,60,88,Py,Other,Py-Other
60_89,Pt,-52.7344298101962,24315,60,89,Py,Other,Py-Other
60_90,Pt,-43.0560269728303,24316,60,90,Py,Other,Py-Other
61_67,Pt,-47.3599001280963,24323,61,67,Py,Other,Py-Other
61_68,Pt,-49.62,24324,61,68,Py,Other,Py-Other
61_69,Pt,-49.89,24325,61,69,Py,Other,Py-Other
61_70,Pt,-48.9021400660276,24326,61,70,Py,Other,Py-Other
61_71,Pt,-30.46,24327,61,71,Py,Other,Py-Other
61_79,Pt,-44.8135998547077,24335,61,79,Py,Other,Py-Other
61_80,Pt,-49.7608323022723,24336,61,80,Py,Other,Py-Other
61_85,Pt,-53.527920242399,24341,61,85,Py,Other,Py-Other
61_86,Pt,-62.2491217628121,24342,61,86,Py,Other,Py-Other
61_87,Pt,-50.0606285594404,24343,61,87,Py,Other,Py-Other
61_88,Pt,-52.1967360712588,24344,61,88,Py,Other,Py-Other
61_89,Pt,-56.7408865168691,24345,61,89,Py,Other,Py-Other
61_90,Pt,-50.4427952840924,24346,61,90,Py,Other,Py-Other
62_67,Pt,-49.36,24352,62,67,Py,Other,Py-Other
62_68,Pt,-46.2699478790164,24353,62,68,Py,Other,Py-Other
62_69,Pt,-51.11,24354,62,69,Py,Other,Py-Other
62_70,Pt,-47.846142500639,24355,62,70,Py,Other,Py-Other
62_71,Pt,-30.1054776310921,24356,62,71,Py,Other,Py-Other
62_79,Pt,-45.3505275249481,24364,62,79,Py,Other,Py-Other
62_80,Pt,-50.3788349814713,24365,62,80,Py,Other,Py-Other
62_85,Pt,-55.6529337354004,24370,62,85,Py,Other,Py-Other
62_86,Pt,-61.1114459447563,24371,62,86,Py,Other,Py-Other
62_87,Pt,-54.7886887826026,24372,62,87,Py,Other,Py-Other
62_88,Pt,-54.4315085560083,24373,62,88,Py,Other,Py-Other
62_89,Pt,-54.0973466187716,24374,62,89,Py,Other,Py-Other
62_90,Pt,-46.2044979482889,24375,62,90,Py,Other,Py-Other
63_67,Pt,-49.7090420685709,24380,63,67,Py,Other,Py-Other
63_68,Pt,-47.3288212120533,24381,63,68,Py,Other,Py-Other
63_69,Pt,-52.45,24382,63,69,Py,Other,Py-Other
63_70,Pt,-45.8828854560852,24383,63,70,Py,Other,Py-Other
63_71,Pt,-28.8585448935628,24384,63,71,Py,Other,Py-Other
63_79,Pt,-47.9693877883256,24392,63,79,Py,Other,Py-Other
63_80,Pt,-54.0281641855836,24393,63,80,Py,Other,Py-Other
63_85,Pt,-57.7953905276954,24398,63,85,Py,Other,Py-Other
63_86,Pt,-64.3380827791989,24399,63,86,Py,Other,Py-Other
63_87,Pt,-54.7970289029181,24400,63,87,Py,Other,Py-Other
63_88,Pt,-57.1273224055767,24401,63,88,Py,Other,Py-Other
63_89,Pt,-62.8465652130544,24402,63,89,Py,Other,Py-Other
63_90,Pt,-51.7093533836305,24403,63,90,Py,Other,Py-Other
64_67,Pt,-46.0398439057171,24407,64,67,Py,Other,Py-Other
64_68,Pt,-45.651162173599,24408,64,68,Py,Other,Py-Other
64_69,Pt,-46.3859201073647,24409,64,69,Py,Other,Py-Other
64_70,Pt,-47.788044963032,24410,64,70,Py,Other,Py-Other
64_71,Pt,-33.6648778505623,24411,64,71,Py,Other,Py-Other
64_79,Pt,-43.5513911470771,24419,64,79,Py,Other,Py-Other
64_80,Pt,-45.2183157168329,24420,64,80,Py,Other,Py-Other
64_85,Pt,-52.7849395461381,24425,64,85,Py,Other,Py-Other
64_86,Pt,-56.6835782974958,24426,64,86,Py,Other,Py-Other
64_87,Pt,-53.0814918763936,24427,64,87,Py,Other,Py-Other
64_88,Pt,-53.2283965982497,24428,64,88,Py,Other,Py-Other
64_89,Pt,-47.7872553542256,24429,64,89,Py,Other,Py-Other
64_90,Pt,-41.3826979473233,24430,64,90,Py,Other,Py-Other
65_67,Pt,-46.4030899852514,24433,65,67,Py,Other,Py-Other
65_68,Pt,-44.7268345057964,24434,65,68,Py,Other,Py-Other
65_69,Pt,-47.4314151704311,24435,65,69,Py,Other,Py-Other
65_70,Pt,-49.5582710951567,24436,65,70,Py,Other,Py-Other
65_71,Pt,-31.9642380475998,24437,65,71,Py,Other,Py-Other
65_79,Pt,-46.6764728203416,24445,65,79,Py,Other,Py-Other
65_80,Pt,-47.3375896885991,24446,65,80,Py,Other,Py-Other
65_85,Pt,-51.9701214395464,24451,65,85,Py,Other,Py-Other
65_86,Pt,-55.9741840809584,24452,65,86,Py,Other,Py-Other
65_87,Pt,-55.3675971403718,24453,65,87,Py,Other,Py-Other
65_88,Pt,-55.6191239804029,24454,65,88,Py,Other,Py-Other
65_89,Pt,-51.3753706291318,24455,65,89,Py,Other,Py-Other
65_90,Pt,-42.4034843742847,24456,65,90,Py,Other,Py-Other
66_67,Pt,-36.6940450146794,24458,66,67,Py,Other,Py-Other
66_68,Pt,-42.7016723267734,24459,66,68,Py,Other,Py-Other
66_69,Pt,-41.90892431885,24460,66,69,Py,Other,Py-Other
66_70,Pt,-48.08,24461,66,70,Py,Other,Py-Other
66_71,Pt,-27.3807,24462,66,71,Py,Other,Py-Other
66_79,Pt,-39.9024415537715,24470,66,79,Py,Other,Py-Other
66_80,Pt,-38.7871522307396,24471,66,80,Py,Other,Py-Other
66_85,Pt,-52.9554767124355,24476,66,85,Py,Other,Py-Other
66_86,Pt,-53.7249379046261,24477,66,86,Py,Other,Py-Other
66_87,Pt,-50.359658729285,24478,66,87,Py,Other,Py-Other
66_88,Pt,-46.1506324857473,24479,66,88,Py,Other,Py-Other
66_89,Pt,-50.0236450433731,24480,66,89,Py,Other,Py-Other
66_90,Pt,-36.0393651723862,24481,66,90,Py,Other,Py-Other
